0,0,0,55
-255,-14,19,81
-238,85,-3,96
-226,28,7,110
-252,-69,30,124
-257,-52,31,139
-253,38,7,153
-202,-55,28,167
-277,37,16,182
-244,24,8,195
-248,-2,15,209
-252,-13,20,224
-247,-8,21,238
-245,0,18,252
-247,2,14,267
-250,-18,21,281
-253,-23,21,295
-245,-7,19,310
-245,5,18,324
-252,3,17,338
-251,-9,15,353
-248,-7,15,367
-250,-4,15,380
-246,-10,16,395
-250,6,13,409
-244,-18,13,425
-256,-25,20,443
-254,-1,13,460
-249,12,13,477
-256,-4,15,494
-245,-3,12,510
-248,-8,13,527
-255,-19,14,543
-248,-17,13,562
-262,0,18,579
-259,4,20,594
-258,-1,14,610
-249,-1,15,627
-255,6,16,644
-240,0,9,659
-235,-15,8,673
-268,-2,16,691
-218,-89,6,707
-216,-12,-3,723
-233,54,-4,741
-277,12,7,758
-243,-37,14,774
-264,-24,27,791
-233,-20,16,808
-243,11,10,827
-261,19,15,843
-256,0,13,860
-255,-5,14,875
-249,10,16,892
-235,3,13,909
-261,-9,15,924
-256,-36,34,941
-251,-18,16,959
-229,17,10,976
-261,-20,23,993
-248,-32,25,1010
-252,-1,16,1030
-251,-27,11,1047
-250,18,12,1065
-252,63,3,1084
-243,39,5,1100
-241,5,19,1117
-249,-15,33,1133
-244,-5,22,1153
-250,13,13,1170
-248,20,12,1187
-252,9,6,1205
-250,3,6,1221
-249,26,2,1236
-246,64,-14,1253
-244,52,1,1271
-247,23,2,1289
-252,4,5,1305
-252,0,3,1320
-248,7,-13,1336
-252,1,1,1354
-253,-14,-1,1370
-246,-11,1,1388
-256,-13,-10,1405
-251,-28,-5,1426
-247,-5,-7,1444
-257,7,-19,1462
-256,-33,-21,1480
-256,-71,-11,1500
-255,-16,-27,1519
-250,-5,-29,1539
-254,-48,-13,1558
-248,-64,-11,1577
-245,-32,-18,1597
-251,-39,-27,1636
-249,-26,-38,1648
-243,-15,-42,1661
-247,-36,-41,1676
-254,-59,-34,1696
-255,-44,-27,1716
-266,-47,-30,1735
-264,-53,-35,1756
-271,-69,-33,1775
-286,-83,-34,1795
-315,-89,-16,1815
-309,-64,-25,1835
-338,-62,-23,1854
-362,-68,-11,1873
-523,37,-26,1894
-300,44,-39,1912
-404,138,-68,1931
-455,182,-106,1951
-403,217,-192,1972
-384,175,-220,1992
-410,-26,-154,2014
-390,-157,-27,2034
-322,-50,28,2055
-214,92,-57,2073
-169,216,-40,2093
-108,216,-37,2112
-77,104,-11,2131
-90,18,17,2151
-114,4,31,2167
-133,36,27,2184
-149,65,28,2201
-175,74,30,2220
-211,51,28,2237
-251,9,12,2254
-282,-17,-3,2271
-328,-41,-34,2290
-357,-54,-50,2310
-411,-81,-77,2329
-508,-231,-70,2350
-514,-364,-71,2370
-439,-311,-124,2391
-365,-305,-103,2413
-358,-453,-3,2435
-300,-411,-29,2454
-305,-290,-41,2475
-397,-160,121,2496
-1048,832,266,2516
-63,452,-173,2537
-51,-498,-168,2557
-550,-735,64,2578
-320,-127,-30,2597
-198,270,-57,2619
-245,155,-52,2638
-267,-92,-34,2658
-309,-170,-14,2678
-264,-44,-32,2699
-246,46,-35,2718
-251,30,-38,2737
-262,-6,-49,2756
-252,-27,-57,2775
-248,-10,-54,2794
-254,24,-56,2814
-246,32,-56,2833
-252,16,-62,2851
-242,-12,-47,2870
-270,-4,-53,2890
-269,-5,-66,2909
-271,-25,-58,2927
-262,-15,-53,2948
-281,6,-57,2967
-295,1,-54,2984
-311,0,-32,3002
-331,21,-22,3020
-354,19,-32,3039
-365,-8,-45,3057
-403,-8,-34,3077
-560,110,-48,3095
-398,94,-111,3115
-448,239,-160,3134
-418,323,-245,3155
-426,178,-268,3176
-382,-23,-126,3196
-269,-151,10,3218
-211,-167,-14,3237
-173,14,-42,3258
-65,188,-55,3277
6,276,-63,3296
-10,197,-44,3312
-77,67,-3,3331
-121,-6,27,3348
-135,0,38,3365
-138,62,36,3382
-165,97,31,3399
-214,81,24,3418
-288,39,13,3435
-355,0,8,3452
-396,-32,-7,3468
-414,-38,-27,3487
-516,-45,-43,3507
-630,-174,-39,3526
-591,-307,-87,3548
-460,-395,-121,3568
-390,-673,33,3590
-311,-586,15,3610
-293,-314,-69,3630
-411,-165,65,3650
-846,680,91,3670
-173,505,-68,3689
-133,-333,-156,3708
-336,-465,-16,3730
-318,-28,-64,3751
-265,149,-73,3771
-239,100,-36,3790
-278,-3,-56,3811
-275,-71,-45,3829
-270,-47,-56,3849
-250,18,-55,3868
-256,40,-66,3888
-255,6,-65,3906
-248,-9,-63,3923
-245,13,-60,3943
-247,26,-60,3961
-247,10,-57,3980
-247,11,-62,3998
-250,17,-60,4041
-256,0,-55,4055
-280,-24,-51,4067
-293,-28,-50,4080
-281,-20,-56,4093
-269,22,-85,4113
-306,23,-82,4131
-317,-6,-53,4151
-345,21,-34,4169
-347,35,-48,4188
-350,4,-39,4207
-468,24,-10,4225
-539,84,-58,4243
-418,147,-136,4261
-537,334,-151,4283
-403,290,-282,4303
-439,107,-180,4324
-339,-35,-54,4345
-191,-142,40,4365
-146,-151,-47,4384
-158,25,-35,4405
-60,193,-59,4424
-15,255,-63,4443
-34,166,-55,4461
-90,24,-21,4481
-115,-40,-3,4498
-118,-16,-12,4516
-128,48,-23,4536
-173,79,-44,4555
-244,37,-52,4574
-297,-20,-61,4592
-383,-54,-78,4613
-445,-114,-101,4632
-500,-163,-96,4654
-567,-279,-74,4675
-561,-318,-119,4696
-429,-433,-83,4717
-359,-647,55,4738
-279,-497,-9,4758
-417,-151,117,4777
-815,619,181,4798
-219,331,-142,4818
-188,-371,-53,4839
-228,-329,-143,4859
-301,69,-35,4882
-292,142,-43,4900
-253,22,-19,4920
-264,20,-67,4939
-262,-9,-81,4958
-262,-27,-58,4976
-259,-1,-37,4996
-250,18,-46,5015
-254,1,-61,5033
-250,-24,-58,5051
-250,0,-61,5070
-248,20,-60,5089
-251,16,-62,5107
-250,2,-59,5126
-244,9,-60,5144
-245,20,-65,5161
-248,22,-68,5180
-260,25,-69,5198
-273,7,-72,5218
-274,2,-69,5235
-302,10,-82,5253
-317,-1,-72,5272
-319,5,-27,5291
-347,27,-33,5308
-322,1,-55,5326
-346,-35,-53,5345
-489,32,-27,5364
-479,55,-64,5383
-407,99,-139,5401
-514,287,-138,5422
-418,349,-284,5442
-448,197,-203,5463
-316,0,-64,5484
-208,-93,53,5501
-150,-146,-1,5520
-171,-34,-3,5540
-82,174,-50,5559
-18,261,-72,5577
-44,212,-48,5596
-106,70,4,5615
-138,0,25,5632
-158,0,32,5648
-162,66,11,5664
-197,104,-1,5683
-255,64,-3,5701
-322,-1,-11,5719
-382,-31,-31,5738
-441,-65,-63,5757
-515,-127,-60,5777
-577,-235,-47,5797
-533,-320,-105,5819
-429,-410,-107,5840
-385,-615,38,5862
-289,-556,26,5882
-251,-307,-65,5902
-399,-86,112,5922
-975,655,323,5943
-158,426,-185,5962
-186,-506,-107,5983
-310,-468,-82,6005
-350,45,-27,6026
-235,148,-8,6044
-240,61,2,6063
-271,3,-59,6080
-278,-46,-53,6097
-271,-67,-58,6117
-254,1,-48,6137
-254,45,-45,6155
-250,31,-60,6173
-246,-5,-60,6192
-247,-8,-53,6211
-247,17,-59,6230
-242,28,-61,6248
-256,4,-49,6266
-266,-12,-53,6285
-254,2,-53,6304
-255,14,-61,6322
-258,15,-63,6341
-266,-15,-52,6381
-285,26,-75,6394
-307,34,-87,6408
-313,10,-55,6423
-327,1,-15,6436
-360,15,-12,6453
-358,16,-34,6472
-400,-2,-32,6491
-537,69,-36,6509
-420,62,-109,6528
-455,221,-152,6548
-468,356,-215,6568
-371,288,-282,6589
-371,59,-183,6610
-272,-89,-43,6630
-175,-216,27,6649
-180,-176,-30,6670
-123,68,-31,6690
-17,284,-67,6709
7,305,-80,6727
-54,152,-52,6745
-103,7,-13,6763
-138,-39,16,6780
-139,25,4,6799
-156,89,-7,6816
-205,101,-15,6834
-281,30,-16,6853
-377,-13,-31,6873
-448,-75,-64,6892
-481,-118,-77,6912
-597,-147,-71,6932
-594,-199,-88,6953
-535,-316,-119,6974
-390,-621,15,6995
-347,-637,70,7016
-258,-315,-60,7035
-380,-216,67,7056
-641,164,333,7076
-140,732,-395,7096
-193,-61,-163,7116
-222,-615,-26,7138
-320,-154,-42,7158
-296,179,-47,7179
-226,97,-25,7198
-260,-31,-31,7218
-286,-39,-63,7237
-269,-32,-66,7257
-247,17,-62,7277
-252,54,-59,7296
-257,33,-64,7314
-243,0,-64,7332
-252,0,-65,7351
-254,12,-64,7368
-246,14,-66,7387
-252,12,-61,7406
-250,6,-60,7425
-243,17,-64,7442
-256,30,-62,7460
-281,2,-58,7480
-292,-28,-44,7497
-277,-2,-58,7517
-285,41,-81,7536
-321,8,-83,7555
-330,-10,-44,7572
-357,30,-39,7591
-350,24,-45,7611
-437,14,-10,7629
-534,65,-48,7648
-419,105,-146,7666
-538,329,-157,7688
-424,344,-301,7708
-430,173,-204,7729
-308,17,-89,7750
-197,-134,55,7769
-125,-254,-17,7788
-148,-95,-16,7810
-62,171,-69,7829
-11,319,-92,7847
-52,253,-53,7866
-114,91,-9,7885
-140,-24,23,7903
-145,-32,31,7921
-159,52,17,7941
-190,96,-5,7958
-241,70,-15,7975
-311,10,-30,7994
-406,-49,-43,8013
-471,-97,-70,8033
-535,-176,-74,8052
-598,-244,-61,8074
-590,-237,-84,8094
-464,-393,-67,8115
-399,-643,107,8136
-245,-463,-12,8157
-310,-274,-10,8177
-448,-68,91,8198
-625,793,-163,8217
-210,383,-63,8238
-147,-471,-183,8257
-327,-527,-23,8280
-336,-19,-20,8300
-249,168,-36,8320
-239,62,-31,8340
-264,1,-64,8358
-281,-33,-75,8376
-260,-51,-63,8395
-246,18,-50,8416
-246,67,-53,8434
-247,49,-66,8453
-247,-7,-65,8472
-248,-4,-62,8491
-247,20,-59,8509
-254,28,-58,8527
-254,8,-60,8547
-255,3,-62,8564
-249,8,-62,8582
-256,16,-59,8600
-271,12,-62,8619
-278,-3,-60,8637
-270,-9,-58,8655
-292,8,-78,8675
-310,6,-74,8692
-315,5,-33,8710
-346,29,-29,8727
-334,6,-42,8747
-465,58,-84,8799
-392,118,-110,8812
-452,228,-127,8825
-527,300,-130,8838
-436,327,-212,8851
-358,282,-298,8866
-355,147,-230,8887
-269,-44,-29,8907
-181,-253,99,8927
-158,-209,-19,8947
-127,71,-56,8968
-34,249,-92,8986
-13,301,-87,9006
-73,179,-43,9024
-134,5,5,9042
-146,-63,25,9058
-156,-27,21,9077
-176,63,10,9096
-222,101,-2,9113
-290,41,-7,9133
-359,-19,-14,9150
-437,-66,-45,9169
-510,-108,-66,9189
-555,-178,-45,9210
-633,-244,-37,9231
-476,-349,-115,9251
-381,-591,-3,9274
-316,-594,39,9293
-252,-368,-46,9313
-358,-253,88,9334
-837,357,480,9354
-72,590,-224,9373
-191,34,-138,9393
-252,-585,-77,9413
-371,-281,-44,9434
-246,175,-62,9454
-237,213,-25,9475
-262,48,-45,9494
-275,-101,-42,9512
-278,-85,-44,9534
-253,21,-45,9553
-246,61,-46,9572
-253,31,-53,9590
-250,-6,-58,9610
-250,3,-66,9628
-245,23,-63,9646
-244,21,-54,9665
-253,5,-47,9683
-259,-1,-50,9701
-254,12,-55,9719
-251,40,-60,9739
-264,29,-60,9757
-278,-8,-58,9776
-277,-25,-49,9794
-282,16,-67,9815
-318,9,-69,9833
-321,1,-29,9850
-341,30,-21,9869
-344,38,-23,9887
-429,28,-5,9906
-534,66,-11,9923
-430,105,-50,9943
-446,275,-94,9962
-435,334,-186,9981
-337,319,-252,10003
-370,83,-195,10024
-300,-122,-71,10045
-222,-277,58,10067
-191,-129,-57,10088
-167,107,-62,10109
-57,269,-108,10131
-22,236,-126,10151
-81,35,-91,10172
-117,-64,-55,10190
-122,-44,-47,10212
-135,51,-64,10232
-174,79,-76,10252
-248,32,-67,10272
-316,-32,-73,10292
-387,-60,-106,10312
-481,-99,-119,10335
-518,-140,-104,10356
-609,-240,-87,10379
-488,-384,-140,10401
-371,-634,-15,10424
-323,-532,17,10445
-240,-298,-62,10467
-436,-125,226,10488
-621,639,-37,10510
-171,333,-123,10531
-235,-555,-99,10553
-314,-447,-103,10574
-277,122,-42,10598
-238,228,-16,10618
-254,44,7,10639
-264,-24,-48,10656
-280,-57,-61,10678
-264,-48,-29,10698
-252,37,-16,10719
-254,57,-36,10739
-253,2,-54,10759
-256,-25,-53,10777
-256,4,-48,10799
-255,23,-43,10817
-252,6,-38,10836
-248,3,-29,10855
-251,28,-32,10874
-268,42,-43,10894
-279,1,-53,10913
-303,-35,-33,10933
-276,-4,-30,10953
-299,33,-64,10973
-313,-4,-51,10992
-321,1,-6,11013
-339,32,-13,11030
-367,29,-4,11049
-537,77,16,11069
-505,135,-31,11087
-454,416,-184,11122
-379,421,-259,11136
-334,305,-288,11152
-349,-36,-209,11173
-313,-257,-77,11196
-248,-266,59,11217
-217,-21,-73,11238
-167,181,-94,11258
-62,289,-135,11280
-32,199,-150,11300
-89,19,-115,11321
-126,-87,-73,11341
-141,-50,-73,11362
-143,61,-103,11382
-169,84,-126,11404
-253,37,-133,11424
-335,-27,-143,11445
-435,-92,-184,11467
-487,-138,-206,11489
-533,-235,-150,11511
-647,-302,-137,11535
-417,-398,-178,11557
-361,-553,-3,11580
-293,-495,-1,11601
-273,-329,-49,11622
-472,-129,243,11643
-732,675,156,11666
-115,403,-190,11686
-161,-507,-153,11708
-359,-545,-61,11731
-331,-16,7,11753
-214,232,-23,11771
-245,146,-51,11792
-270,-30,-68,11813
-291,-141,-38,11834
-273,-39,-24,11855
-239,74,-27,11877
-258,42,-49,11896
-253,-24,-56,11916
-255,-17,-47,11937
-251,24,-50,11958
-243,45,-52,11977
-247,17,-45,11998
-254,1,-43,12017
-254,13,-48,12036
-258,6,-49,12055
-270,14,-53,12075
-272,15,-61,12094
-277,-7,-53,12113
-295,-8,-53,12134
-310,-4,-52,12153
-317,8,-26,12173
-336,14,-30,12191
-338,-3,-42,12212
-505,53,-36,12231
-460,35,-12,12251
-438,178,-88,12271
-501,296,-91,12292
-407,343,-216,12312
-374,224,-263,12335
-352,-61,-151,12356
-261,-215,-1,12378
-212,-163,14,12399
-185,30,-62,12420
-89,196,-83,12439
-25,243,-108,12459
-41,118,-93,12480
-90,-28,-35,12499
-99,-62,-14,12519
-100,26,-28,12539
-115,93,-46,12559
-177,95,-49,12578
-256,28,-40,12599
-315,-37,-42,12618
-392,-67,-76,12639
-480,-125,-113,12660
-551,-179,-90,12683
-590,-238,-83,12704
-509,-307,-141,12727
-373,-579,3,12749
-350,-546,68,12769
-241,-297,-56,12789
-409,-144,139,12812
-823,590,205,12833
-171,401,-124,12854
-195,-418,-146,12876
-301,-439,-108,12899
-301,40,-6,12921
-267,162,-11,12941
-248,66,-21,12961
-250,9,-60,12981
-292,-33,-73,13000
-275,-83,-56,13021
-242,30,-43,13041
-237,99,-55,13062
-246,41,-69,13081
-249,-19,-63,13101
-251,0,-58,13121
-254,27,-51,13140
-252,13,-49,13160
-255,6,-58,13179
-254,13,-61,13199
-258,8,-58,13218
-263,-1,-54,13237
-266,6,-63,13256
-285,-15,-55,13276
-280,-28,-49,13296
-301,6,-62,13317
-313,17,-38,13336
-335,12,-35,13356
-353,-6,-34,13375
-453,5,-12,13395
-549,58,-61,13414
-444,141,-105,13433
-574,273,-110,13455
-351,400,-294,13477
-407,279,-253,13499
-289,-32,-115,13520
-199,-269,39,13543
-179,-270,-2,13563
-160,14,-47,13584
-37,234,-90,13604
32,312,-91,13624
-38,185,-38,13642
-132,-43,59,13686
-126,24,43,13700
-125,98,16,13713
-152,128,7,13726
-200,108,5,13740
-287,53,9,13757
-374,0,3,13774
-442,-49,-13,13792
-472,-95,-46,13812
-600,-154,-50,13833
-613,-243,-64,13854
-488,-349,-132,13877
-377,-601,-23,13899
-314,-566,24,13921
-241,-319,-69,13942
-430,-83,154,13964
-609,733,-46,13984
-173,346,-213,14006
-222,-577,-108,14027
-350,-505,-61,14050
-323,133,-13,14072
-224,198,-21,14093
-237,50,-46,14113
-265,-10,-66,14134
-288,-69,-72,14154
-248,-38,-36,14175
-238,83,-38,14196
-243,78,-62,14216
-247,2,-68,14235
-247,-17,-57,14254
-257,26,-58,14275
-259,20,-54,14295
-255,6,-52,14314
-259,11,-54,14333
-260,17,-63,14353
-256,-2,-49,14372
-295,1,-51,14393
-287,-32,-34,14411
-287,1,-47,14432
-307,27,-68,14450
-318,2,-47,14471
-328,1,-30,14489
-353,22,-35,14508
-401,11,-19,14528
-568,107,-43,14547
-447,199,-136,14568
-491,315,-124,14590
-349,412,-307,14612
-373,140,-226,14633
-268,-164,-54,14655
-208,-290,74,14678
-168,-64,-48,14698
-103,159,-75,14718
-30,291,-93,14740
-59,236,-62,14759
-116,67,-1,14779
-153,-5,33,14798
-174,16,40,14817
-184,86,24,14835
-235,105,8,14854
-308,53,1,14873
-361,-1,0,14891
-397,-36,-25,14908
-449,-26,-59,14929
-568,-93,-71,14950
-585,-219,-85,14970
-460,-289,-141,14993
-421,-447,-57,15015
-315,-594,15,15037
-256,-397,-53,15058
-304,-287,-40,15080
-552,-34,357,15101
-204,751,-350,15123
-222,194,-174,15144
-252,-663,-37,15166
-299,-298,-103,15187
-292,200,-23,15211
-252,131,-14,15232
-231,-19,-37,15252
-300,-64,-45,15273
-285,-78,-49,15294
-228,34,-56,15314
-244,116,-60,15335
-247,51,-65,15355
-242,-18,-57,15375
-252,5,-62,15396
-246,29,-65,15415
-256,17,-63,15434
-242,-3,-58,15454
-258,9,-66,15474
-272,31,-56,15493
-247,33,-70,15512
-283,11,-71,15533
-279,-43,-60,15552
-294,-16,-74,15572
-318,-12,-67,15594
-341,25,-7,15614
-356,31,-33,15633
-362,2,-35,15652
-425,12,-6,15672
-531,90,-47,15690
-422,180,-97,15710
-458,395,-142,15731
-381,370,-234,15753
-400,65,-226,15774
-356,-193,-88,15796
-220,-288,34,15817
-188,-33,-42,15838
-141,150,-56,15859
-15,237,-69,15880
-18,201,-55,15899
-76,72,-10,15919
-104,1,20,15938
-117,29,23,15955
-145,95,5,15974
-179,108,-8,15992
-229,72,-13,16012
-295,26,-20,16031
-361,-21,-27,16051
-433,-48,-48,16072
-518,-63,-81,16093
-619,-126,-93,16113
-633,-207,-79,16136
-457,-469,-84,16157
-360,-591,25,16179
-313,-498,-7,16200
-265,-349,-28,16230
-369,-302,139,16243
-869,571,195,16265
-284,455,-68,16285
-257,-335,-166,16306
-314,-483,-66,16329
-271,85,-81,16351
-258,181,-8,16370
-266,-16,-3,16391
-227,-23,-36,16410
-306,10,-75,16431
-263,-43,-68,16450
-242,26,-56,16472
-250,97,-60,16491
-260,53,-64,16510
-163,11,-93,16531
-293,-2,-61,16550
-259,-5,-42,16570
-236,39,-52,16590
-230,58,-69,16610
-251,48,-75,16629
-246,5,-69,16649
-278,3,-75,16668
-303,-13,-61,16687
-255,-9,-68,16707
-305,4,-88,16728
-318,-25,-66,16746
-359,18,-20,16766
-341,45,-34,16787
-357,-8,-55,16806
-413,-16,-44,16826
-554,79,-56,16846
-400,123,-112,16867
-472,346,-160,16888
-379,346,-277,16910
-371,38,-175,16932
-314,-141,-28,16953
-214,-180,46,16974
-166,1,-47,16996
-139,176,-40,17014
-75,265,-49,17035
-64,181,-30,17055
-89,18,13,17075
-105,-44,31,17092
-129,-3,24,17112
-140,74,2,17131
-176,105,-10,17148
-242,71,-4,17169
-307,15,-14,17188
-393,-29,-30,17208
-464,-67,-64,17228
-491,-95,-69,17249
-606,-154,-32,17270
-544,-237,-89,17292
-433,-373,-107,17313
-331,-552,1,17337
-273,-532,-25,17356
-247,-367,-81,17378
-486,-112,217,17400
-391,702,-369,17422
-207,221,-173,17443
-233,-602,-55,17466
-321,-282,-52,17487
-260,170,7,17509
-271,104,-3,17528
-245,0,-33,17548
-252,-14,-53,17566
-352,-58,-59,17588
-157,-47,-70,17608
-262,114,-53,17629
-245,125,-62,17649
-227,26,-64,17671
-252,-24,-64,17690
-241,27,-76,17711
-273,34,-64,17731
-238,-9,-45,17751
-280,13,-51,17770
-230,10,-65,17790
-261,27,-73,17810
-280,-8,-65,17829
-271,-9,-73,17849
-297,10,-78,17869
-315,-40,-63,17889
-344,3,-19,17909
-309,89,-12,17929
-357,-5,-31,17948
-470,-9,-34,17968
-485,80,-59,17988
-429,129,-94,18008
-468,302,-138,18028
-384,327,-217,18050
-399,99,-234,18072
-358,-88,-72,18093
-321,-156,30,18113
-197,-75,-13,18135
-169,94,-44,18155
-71,228,-61,18174
-31,205,-58,18195
-52,79,-24,18214
-79,-13,4,18233
-104,-28,6,18251
-142,30,0,18270
-168,81,-10,18287
-201,79,-16,18307
-280,35,-16,18327
-319,-3,-23,18347
-373,-32,-40,18366
-459,-46,-59,18387
-500,-62,-42,18408
-600,-183,-9,18428
-569,-254,-74,18449
-419,-308,-111,18471
-340,-607,13,18494
-292,-611,-17,18514
-263,-305,-82,18537
-352,-191,-3,18558
-801,263,617,18579
70,1071,-512,18600
-169,-224,-246,18621
-311,-841,58,18643
-286,-13,-105,18665
-240,244,-58,18686
-284,52,-2,18707
-233,-61,-20,18726
-251,-29,-79,18747
-249,17,-49,18786
-222,74,-64,18799
-238,98,-72,18812
-243,36,-70,18827
-245,-35,-58,18846
-256,-7,-53,18868
-240,16,-64,18887
-268,14,-66,18907
-231,-12,-64,18927
-247,39,-72,18948
-246,19,-70,18967
-288,-21,-62,18988
-271,-17,-62,19008
-286,3,-89,19028
-315,-24,-70,19047
-331,-3,-31,19068
-340,42,-38,19088
-338,-34,-58,19107
-380,-48,-55,19129
-425,6,-15,19149
-520,139,-83,19168
-371,209,-137,19189
-451,361,-184,19211
-400,230,-242,19232
-406,11,-97,19255
-241,-168,-63,19274
-265,-229,59,19296
-206,-57,-29,19317
-112,159,-19,19338
-29,298,-57,19358
-44,212,-48,19378
-84,27,-15,19398
-107,-73,22,19417
-130,-5,24,19436
-148,76,7,19456
-184,102,-8,19473
-250,60,-20,19492
-290,-1,-22,19512
-382,-35,-31,19532
-440,-14,-47,19553
-528,-85,-17,19573
-583,-227,-20,19595
-619,-289,-42,19616
-401,-334,-119,19638
-385,-649,39,19661
-277,-583,6,19682
-254,-351,-71,19701
-510,-32,252,19724
-189,799,-497,19744
-188,131,-122,19766
-228,-654,-138,19788
-330,-213,-65,19811
-228,261,-54,19832
-266,61,13,19854
-260,-61,-9,19872
-273,-21,-56,19892
-277,-52,-57,19912
-252,-8,-38,19934
-242,65,-44,19953
-251,60,-62,19973
-257,-9,-66,19993
-256,-22,-63,20013
-255,22,-62,20033
-247,31,-57,20054
-257,16,-59,20073
-242,1,-54,20092
-248,26,-56,20111
-265,40,-66,20131
-303,-16,-55,20151
-275,-36,-48,20171
-284,10,-67,20193
-312,-1,-65,20212
-305,0,-50,20232
-324,20,-27,20251
-340,3,-43,20271
-433,12,-30,20289
-503,36,-37,20308
-410,140,-91,20329
-458,375,-154,20349
-406,399,-244,20371
-407,125,-242,20393
-372,-164,-102,20415
-290,-256,33,20438
-229,-89,-10,20459
-158,91,-61,20480
-61,252,-66,20499
-13,211,-67,20519
-43,73,-44,20539
-84,-31,-6,20557
-98,-21,2,20576
-107,39,0,20594
-130,75,-8,20612
-179,70,-7,20630
-225,44,-8,20649
-299,-1,-15,20668
-367,-36,-31,20687
-441,-87,-43,20708
-537,-114,-47,20729
-601,-226,-27,20751
-604,-256,-80,20772
-382,-459,-83,20795
-377,-649,69,20816
-256,-436,-19,20837
-317,-268,-23,20859
-602,91,286,20881
-164,842,-460,20900
-202,195,-124,20923
-222,-633,-85,20944
-340,-292,-50,20966
-276,218,-54,20988
-239,146,-21,21009
-236,-40,-24,21029
-296,-66,-60,21051
-270,-58,-59,21071
-248,20,-61,21092
-250,67,-61,21111
-249,28,-65,21132
-256,-15,-65,21151
-245,7,-65,21172
-249,34,-65,21191
-250,36,-71,21211
-253,8,-65,21230
-254,1,-61,21250
-250,6,-56,21268
-256,10,-64,21286
-271,-46,-38,21322
-265,-9,-47,21339
-280,25,-64,21352
-311,25,-80,21366
-311,-5,-66,21387
-330,9,-42,21406
-336,21,-44,21425
-365,6,-40,21444
-445,16,10,21464
-524,120,-71,21482
-410,249,-128,21502
-451,354,-175,21525
-373,331,-245,21547
-377,71,-176,21568
-262,-175,-41,21590
-236,-350,87,21611
-166,-148,-65,21632
-94,167,-63,21654
-11,309,-80,21673
-34,247,-72,21693
-99,57,-33,21713
-125,-61,2,21732
-132,-55,17,21750
-138,49,0,21770
-179,91,-15,21788
-233,49,-24,21808
-305,-1,-28,21827
-393,-54,-36,21848
-444,-92,-76,21868
-521,-148,-73,21889
-547,-220,-47,21910
-573,-231,-65,21933
-392,-408,-67,21954
-351,-549,32,21976
-265,-450,8,21997
-297,-294,-14,22017
-510,-24,260,22038
-145,769,-417,22060
-201,167,-129,22081
-260,-608,-64,22103
-291,-265,-95,22125
-271,213,-24,22147
-261,127,-1,22167
-226,-25,-22,22188
-276,-21,-68,22208
-285,-50,-64,22228
-252,-21,-49,22250
-242,68,-52,22270
-246,66,-63,22290
-252,-6,-72,22309
-248,-19,-56,22330
-250,17,-60,22350
-246,23,-62,22370
-247,13,-64,22390
-252,3,-61,22410
-244,2,-62,22428
-249,16,-57,22448
-259,21,-67,22467
-273,-1,-67,22487
-268,-16,-64,22506
-282,-8,-76,22528
-308,0,-82,22547
-318,-4,-41,22565
-338,11,-44,22586
-338,-1,-57,22605
-383,-24,-40,22625
-532,61,-29,22646
-435,74,-79,22666
-433,241,-128,22685
-468,362,-193,22707
-361,311,-261,22729
-357,26,-144,22751
-262,-170,-23,22771
-230,-247,98,22794
-166,-22,-44,22814
-97,214,-45,22835
-3,297,-68,22855
-31,190,-38,22874
-101,40,12,22893
-136,-34,43,22913
-138,12,38,22932
-161,88,16,22950
-213,100,5,22969
-279,45,6,22988
-361,-6,-4,23006
-420,-39,-46,23024
-497,-70,-89,23046
-571,-137,-78,23066
-617,-249,-57,23088
-454,-399,-144,23110
-364,-592,-12,23133
-261,-520,-13,23154
-253,-328,-67,23177
-435,-153,220,23198
-515,663,-218,23220
-267,342,-79,23241
-182,-401,-135,23263
-329,-488,-71,23285
-325,83,-18,23307
-237,214,-2,23327
-232,62,-7,23347
-239,-58,-23,23365
-299,-69,-53,23387
-278,-63,-58,23407
-243,39,-53,23428
-240,81,-53,23448
-253,35,-62,23468
-253,-40,-57,23487
-251,-2,-53,23507
-243,38,-59,23528
-253,26,-64,23547
-252,-7,-55,23567
-254,-7,-57,23587
-254,2,-62,23607
-254,29,-66,23625
-259,14,-70,23646
-265,-16,-65,23665
-276,-12,-57,23686
-292,-13,-57,23706
-304,1,-57,23728
-309,32,-45,23746
-344,30,-53,23766
-342,-14,-58,23786
-382,-11,-24,23806
-456,160,-93,23849
-423,317,-137,23863
-495,405,-143,23876
-400,360,-266,23891
-362,120,-213,23914
-341,-105,-100,23936
-225,-286,51,23958
-140,-161,-27,23980
-129,114,-49,24001
-38,254,-61,24022
-21,213,-69,24042
-71,94,-35,24061
-103,-12,0,24080
-116,-23,0,24098
-124,21,-10,24118
-157,73,-27,24137
-214,67,-33,24157
-278,8,-28,24177
-369,-37,-46,24196
-436,-77,-88,24216
-510,-112,-106,24237
-552,-199,-75,24260
-595,-275,-89,24282
-420,-389,-98,24303
-366,-536,44,24326
-276,-480,28,24346
-257,-249,-49,24367
-384,-123,118,24389
-837,440,511,24411
-130,720,-290,24431
-173,-456,-212,24454
-327,-606,-27,24476
-326,66,-39,24498
-251,270,-41,24518
-244,69,-19,24539
-273,-62,-53,24558
-285,-38,-69,24580
-255,-16,-59,24600
-249,29,-35,24621
-253,45,-57,24641
-249,11,-67,24660
-250,-16,-62,24680
-248,13,-58,24700
-249,24,-62,24721
-249,0,-52,24740
-255,0,-56,24759
-255,10,-57,24778
-255,-1,-55,24798
-260,-1,-54,24817
-264,-2,-57,24837
-273,10,-64,24857
-274,-14,-54,24877
-292,0,-73,24897
-308,9,-64,24916
-321,4,-45,24935
-336,10,-35,24953
-375,0,-32,24974
-536,62,-16,24992
-468,59,-52,25012
-427,221,-105,25031
-452,370,-193,25054
-333,385,-284,25075
-357,43,-185,25097
-272,-214,-68,25118
-242,-378,70,25140
-195,-143,-49,25160
-117,162,-74,25183
-19,317,-82,25203
-27,236,-74,25223
-81,64,-39,25243
-112,-69,-1,25262
-114,-45,1,25281
-120,58,-19,25299
-154,94,-39,25320
-218,70,-50,25339
-286,1,-46,25359
-358,-40,-57,25378
-442,-81,-102,25399
-507,-151,-107,25420
-528,-216,-77,25444
-598,-256,-57,25465
-435,-403,-64,25487
-362,-553,59,25509
-263,-430,1,25530
-296,-267,-16,25549
-450,21,200,25571
-393,825,-243,25591
-221,159,-96,25613
-222,-777,-96,25633
-337,-369,-86,25656
-268,225,-41,25677
-266,173,1,25698
-245,-52,-13,25717
-258,-46,-54,25738
-295,5,-91,25758
-256,-37,-73,25778
-245,35,-45,25798
-243,87,-54,25818
-246,41,-71,25837
-251,-32,-64,25858
-245,7,-64,25878
-248,43,-68,25896
-252,18,-65,25917
-262,-8,-59,25936
-247,9,-59,25956
-253,40,-80,25975
-255,19,-81,25995
-258,-5,-80,26014
-294,-27,-61,26034
-276,-14,-63,26055
-303,15,-76,26076
-319,4,-40,26095
-337,24,-58,26115
-331,5,-61,26134
-380,-16,-28,26152
-540,71,-33,26174
-453,72,-91,26193
-461,234,-131,26213
-463,368,-191,26234
-370,303,-255,26257
-338,9,-135,26278
-211,-280,101,26312
-174,-211,2,26326
-166,-27,-44,26340
-78,228,-61,26360
-9,306,-80,26381
-54,189,-48,26399
-115,34,-5,26419
-134,-42,19,26438
-149,12,11,26458
-162,90,-16,26476
-214,84,-24,26496
-280,21,-24,26516
-355,-36,-36,26535
-417,-62,-69,26556
-509,-108,-76,26577
-552,-185,-58,26599
-568,-232,-90,26620
-450,-322,-117,26643
-398,-549,16,26665
-289,-516,28,26686
-265,-310,-65,26707
-358,-204,21,26729
-545,122,277,26749
-112,942,-403,26771
-149,139,-216,26792
-235,-808,-67,26814
-361,-308,-67,26835
-245,243,-59,26858
-249,242,-25,26878
-227,-56,-34,26899
-280,-71,-56,26920
-295,-41,-74,26941
-241,-21,-60,26961
-240,82,-49,26983
-243,98,-62,27002
-247,17,-76,27022
-257,-46,-54,27042
-249,9,-60,27063
-254,43,-64,27081
-253,22,-65,27101
-255,-3,-62,27121
-251,19,-70,27141
-257,26,-70,27160
-263,-16,-63,27181
-264,4,-69,27201
-291,-10,-61,27219
-292,-5,-64,27241
-305,1,-59,27260
-322,18,-34,27279
-343,11,-52,27298
-366,-15,-47,27319
-524,56,-13,27339
-473,53,-59,27359
-445,205,-116,27379
-496,378,-158,27401
-368,350,-286,27422
-388,33,-168,27445
-299,-139,-57,27465
-217,-256,82,27487
-161,-79,-27,27508
-91,148,-52,27529
-9,264,-76,27548
-8,205,-63,27567
-70,76,-11,27586
-114,-9,19,27604
-124,7,22,27623
-132,58,5,27641
-161,93,-11,27659
-232,74,-9,27678
-302,31,-9,27697
-395,-18,-33,27716
-469,-76,-80,27737
-520,-129,-85,27757
-564,-179,-57,27780
-569,-260,-79,27801
-441,-371,-97,27823
-363,-549,34,27845
-275,-501,25,27866
-298,-300,-40,27886
-361,-193,41,27909
-534,176,248,27929
-29,982,-427,27950
-156,187,-315,27971
-276,-878,33,27993
-370,-438,-45,28013
-235,259,-106,28036
-245,259,-53,28057
-232,-33,-37,28078
-288,-79,-50,28098
-292,-57,-65,28120
-234,8,-60,28140
-240,89,-63,28158
-248,74,-76,28179
-247,1,-79,28198
-249,-33,-58,28217
-252,15,-60,28238
-243,61,-70,28258
-238,32,-81,28277
-246,0,-74,28297
-250,14,-74,28316
-262,1,-69,28336
-275,-20,-66,28354
-273,-18,-59,28376
-269,-4,-70,28396
-304,1,-76,28416
-319,-18,-45,28435
-339,25,-49,28455
-333,10,-67,28475
-354,-14,-62,28494
-435,9,-15,28516
-608,123,-30,28534
-430,242,-102,28555
-408,459,-194,28577
-403,321,-233,28599
-344,-8,-167,28620
-297,-275,-61,28642
-211,-290,62,28663
-150,16,-68,28684
-78,259,-75,28704
4,313,-84,28724
-58,178,-41,28741
-113,23,13,28761
-125,-24,26,28780
-137,44,15,28800
-169,102,-3,28818
-354,-9,-27,28871
-423,-46,-41,28884
-468,-64,-62,28898
-499,-84,-78,28911
-516,-123,-86,28924
-565,-219,-78,28942
-532,-266,-128,28963
-411,-387,-100,28987
-348,-536,19,29009
-257,-438,-3,29030
-297,-257,-42,29051
-385,-132,124,29073
-651,660,-7,29094
-174,508,-126,29115
-164,-482,-196,29136
-351,-516,-37,29159
-296,51,-64,29181
-253,253,-19,29201
-254,28,-11,29221
-244,-62,-21,29242
-301,-33,-61,29262
-282,-64,-52,29283
-243,5,-38,29304
-242,99,-54,29323
-245,79,-67,29342
-248,-12,-64,29362
-254,-17,-48,29383
-247,29,-57,29404
-250,17,-55,29423
-250,0,-54,29444
-251,20,-65,29462
-261,28,-65,29481
-269,-6,-54,29502
-272,-19,-54,29521
-264,1,-71,29542
-307,0,-80,29560
-300,-46,-57,29580
-324,4,-23,29600
-356,35,-29,29619
-360,11,-45,29639
-399,-7,-46,29659
-527,70,-13,29678
-488,162,-108,29698
-421,315,-164,29720
-421,377,-239,29742
-387,242,-269,29763
-321,-86,-120,29786
-258,-264,24,29807
-204,-176,9,29828
-162,82,-35,29848
-37,280,-67,29868
7,274,-78,29887
-44,136,-40,29905
-101,10,3,29925
-125,4,14,29942
-138,74,3,29960
-167,120,-9,29978
-223,94,-12,29998
-308,27,-8,30017
-383,-23,-17,30036
-446,-38,-64,30057
-532,-97,-100,30077
-558,-218,-73,30100
-624,-252,-81,30121
-432,-434,-117,30143
-365,-620,27,30167
-285,-456,-17,30187
-275,-258,-62,30209
-588,35,465,30230
-252,674,-371,30251
-181,103,-160,30272
-298,-768,-3,30294
-333,-183,-96,30315
-299,234,-35,30337
-253,91,14,30357
-233,-89,3,30376
-284,-3,-56,30395
-298,-28,-55,30414
-257,-44,-48,30436
-240,63,-46,30456
-245,99,-64,30476
-246,26,-70,30495
-255,-39,-48,30516
-255,8,-53,30536
-253,36,-61,30555
-252,8,-53,30575
-255,-13,-49,30594
-251,2,-47,30614
-262,8,-57,30633
-270,0,-58,30652
-273,-8,-62,30670
-296,-11,-55,30690
-306,0,-62,30711
-315,11,-44,30730
-336,19,-35,30749
-340,1,-52,30770
-361,-7,-38,30788
-419,4,-3,30808
-583,128,-47,30825
-372,240,-159,30846
-441,358,-153,30868
-405,257,-260,30889
-406,14,-152,30912
-316,-164,-58,30932
-235,-243,66,30954
-179,-89,-35,30976
-94,160,-52,30996
-2,297,-73,31015
-12,239,-69,31035
-71,76,-22,31054
-121,-8,17,31073
-133,-1,27,31091
-130,65,6,31111
-158,89,-16,31128
-236,67,-20,31148
-323,13,-15,31168
-416,-48,-41,31187
-448,-114,-81,31208
-507,-98,-91,31230
-615,-256,-65,31265
-546,-302,-106,31279
-384,-408,-93,31295
-371,-561,56,31318
-260,-458,3,31338
-303,-277,-15,31357
-394,-162,129,31380
-836,635,192,31401
-215,525,-84,31422
-131,-432,-270,31443
-398,-595,18,31466
-317,40,-50,31486
-236,260,-60,31507
-229,64,-35,31527
-249,-68,-28,31547
-307,-61,-47,31568
-266,-58,-52,31589
-241,21,-43,31609
-251,93,-58,31630
-246,43,-67,31649
-253,-22,-61,31669
-253,1,-52,31689
-253,34,-62,31709
-254,17,-55,31728
-253,-5,-52,31748
-254,18,-54,31768
-258,20,-62,31788
-271,-17,-56,31807
-281,-14,-56,31827
-292,-16,-50,31849
-307,1,-66,31869
-314,17,-53,31888
-334,16,-35,31908
-346,13,-47,31928
-381,-5,-45,31947
-492,49,2,31968
-512,116,-84,31985
-397,295,-129,32006
-434,402,-210,32027
-387,307,-263,32050
-352,-36,-181,32071
-285,-233,-60,32093
-224,-296,77,32115
-168,-86,-52,32136
-91,161,-60,32156
4,292,-86,32177
-16,231,-74,32194
-79,76,-34,32214
-126,-24,6,32233
-134,-14,22,32251
-139,68,8,32271
-168,99,-7,32288
-230,65,-18,32308
-298,4,-18,32327
-383,-30,-27,32346
-469,-50,-54,32367
-549,-128,-50,32388
-575,-237,-34,32409
-574,-217,-79,32432
-433,-362,-69,32453
-361,-565,44,32475
-275,-501,2,32496
-337,-267,-11,32516
-603,50,363,32537
-168,639,-342,32557
-189,112,-67,32579
-208,-510,-189,32600
-341,-228,-46,32622
-246,188,-49,32645
-260,155,-16,32665
-241,-26,-28,32686
-261,-41,-44,32707
-300,-66,-55,32728
-262,-54,-47,32748
-244,62,-55,32770
-244,88,-59,32789
-250,20,-64,32808
-255,-24,-57,32829
-247,28,-67,32849
-246,48,-67,32869
-248,19,-53,32888
-255,0,-59,32909
-254,11,-64,32927
-257,21,-71,32947
-264,-1,-67,32967
-255,-1,-61,32987
-264,22,-80,33006
-301,-23,-66,33026
-298,-29,-58,33047
-329,16,-34,33068
-351,17,-44,33087
-360,-7,-56,33107
-391,-13,-37,33127
-560,74,-22,33147
-435,114,-78,33168
-446,293,-130,33188
-440,385,-211,33210
-351,263,-279,33232
-314,-29,-167,33254
-237,-300,1,33275
-196,-293,54,33296
-147,8,-60,33316
-67,227,-67,33335
17,309,-88,33354
-35,188,-55,33374
-102,23,0,33393
-121,-37,21,33411
-135,14,14,33431
-161,93,5,33449
-202,111,-5,33467
-266,55,-8,33486
-344,-1,-11,33506
-430,-28,-35,33525
-496,-28,-68,33546
-598,-117,-57,33567
-593,-237,-23,33589
-511,-288,-133,33610
-398,-534,10,33634
-312,-601,45,33654
-255,-393,-42,33675
-411,-197,161,33697
-745,581,-31,33719
-220,341,-80,33739
-174,-486,-189,33761
-341,-155,-48,33794
-292,124,-4,33807
-248,143,-9,33824
-238,39,-17,33845
-264,3,-59,33864
-294,-43,-73,33883
-259,-71,-59,33904
-239,73,-61,33925
-242,94,-66,33944
-244,32,-77,33965
-246,-9,-64,33984
-248,14,-66,34003
-250,28,-65,34023
-247,29,-63,34043
-255,8,-63,34063
-252,2,-57,34081
-256,20,-57,34107
-270,7,-57,34123
-272,-6,-65,34140
-270,-1,-67,34159
-277,3,-73,34179
-308,-11,-80,34197
-313,5,-52,34217
-334,27,-54,34237
-338,4,-44,34256
-376,-10,-42,34275
-483,46,4,34296
-521,86,-55,34314
-424,238,-120,34333
-472,374,-169,34355
-396,285,-250,34377
-375,33,-151,34399
-278,-147,-63,34419
-195,-231,76,34442
-158,-34,-51,34462
-103,172,-63,34483
-30,256,-82,34504
-51,151,-56,34524
-96,24,-11,34543
-123,-39,10,34563
-128,-4,4,34582
-147,66,-6,34599
-203,98,-19,34618
-252,47,-22,34638
-327,-20,-26,34658
-409,-64,-60,34678
-468,-94,-74,34700
-540,-130,-56,34720
-566,-220,-59,34742
-569,-251,-151,34764
-392,-458,-28,34787
-297,-581,34,34808
-250,-372,-57,34830
-343,-264,-6,34851
-615,105,383,34872
-88,742,-388,34893
-215,59,-236,34914
-267,-675,-20,34934
-302,-213,-73,34956
-283,209,-17,34978
-242,52,21,34999
-232,-28,-20,35017
-288,22,-84,35039
-270,-73,-62,35058
-267,-43,-38,35079
-243,62,-47,35100
-253,52,-64,35120
-254,-26,-61,35139
-255,-21,-50,35161
-253,11,-57,35181
-249,26,-61,35201
-251,3,-63,35220
-249,-2,-57,35239
-243,28,-63,35259
-256,25,-62,35278
-272,-3,-66,35299
-279,-11,-64,35318
-291,-12,-63,35339
-304,7,-68,35360
-313,8,-51,35379
-336,15,-38,35397
-339,8,-44,35417
-375,-10,-43,35436
-515,57,-7,35457
-492,83,-62,35475
-419,276,-127,35495
-462,383,-188,35517
-365,265,-259,35538
-376,-30,-146,35561
-268,-184,-30,35582
-200,-171,47,35604
-161,-1,-39,35625
-103,182,-52,35645
-29,255,-81,35665
-50,161,-55,35685
-105,23,-1,35705
-125,-31,16,35724
-138,15,16,35743
-153,85,0,35763
-197,108,-17,35780
-273,54,-25,35801
-357,-30,-33,35820
-432,-87,-59,35842
-507,-123,-77,35862
-569,-185,-64,35884
-577,-229,-103,35906
-449,-364,-111,35929
-382,-608,55,35951
-268,-488,6,35973
-258,-261,-62,35992
-362,-198,92,36014
-710,267,503,36035
-10,806,-399,36056
-137,-37,-273,36076
-337,-769,59,36099
-339,-204,-47,36119
-231,259,-77,36141
-236,147,-32,36162
-259,-38,-36,36183
-298,-79,-51,36203
-269,-63,-54,36225
-244,53,-58,36245
-244,84,-67,36264
-254,28,-70,36284
-248,-21,-47,36317
-248,9,-52,36332
-246,28,-59,36346
-250,35,-64,36364
-250,10,-60,36383
-253,-2,-55,36403
-249,8,-58,36423
-255,14,-63,36442
-270,0,-66,36461
-275,-6,-65,36480
-278,10,-80,36500
-294,0,-81,36519
-311,-12,-39,36538
-335,20,-41,36559
-330,8,-57,36579
-379,-23,-38,36597
-509,58,-15,36618
-434,70,-48,36638
-436,261,-104,36658
-461,397,-170,36679
-355,321,-252,36702
-335,78,-164,36723
-259,-154,-73,36744
-234,-326,83,36766
-173,-93,-53,36787
-116,190,-74,36807
-33,312,-94,36829
-63,199,-70,36848
-121,23,-26,36868
-138,-63,2,36888
-128,-14,3,36907
-146,66,-14,36925
-207,113,-33,36944
-279,48,-35,36966
-354,-33,-31,36985
-424,-87,-57,37006
-461,-129,-86,37027
-519,-181,-86,37049
-573,-222,-50,37070
-470,-308,-79,37093
-364,-512,11,37114
-298,-522,29,37135
-274,-322,-33,37156
-430,-151,205,37178
-529,569,-131,37199
-235,262,-120,37222
-195,-466,-142,37243
-297,-324,-81,37266
-294,113,-27,37288
-271,150,-2,37309
-216,1,-17,37328
-247,-9,-63,37347
-303,-50,-65,37367
-273,-75,-59,37388
-240,64,-55,37408
-242,98,-63,37429
-256,-9,-61,37448
-256,-48,-58,37468
-251,15,-60,37489
-248,29,-64,37509
-250,-5,-56,37528
-255,-3,-54,37548
-252,13,-59,37568
-250,28,-66,37587
-258,11,-65,37607
-267,-8,-66,37627
-265,9,-71,37647
-291,0,-65,37665
-302,-23,-62,37684
-295,24,-54,37705
-314,29,-43,37725
-331,-4,-46,37744
-350,-21,-49,37765
-383,-13,-22,37785
-546,65,-39,37806
-394,138,-104,37826
-478,318,-128,37848
-394,351,-248,37869
-355,188,-214,37892
-286,-66,-109,37913
-212,-259,14,37935
-153,-232,8,37956
-136,15,-66,37976
-56,240,-70,37995
-18,259,-73,38014
-80,118,-33,38035
-121,-42,5,38054
-132,-75,31,38073
-137,17,16,38093
-162,86,-7,38112
-208,86,-14,38130
-277,20,-11,38150
-362,-17,-7,38170
-427,-34,-34,38190
-521,-97,-45,38210
-542,-195,-33,38232
-575,-204,-36,38253
-448,-279,-95,38275
-385,-547,31,38297
-296,-557,49,38318
-245,-310,-60,38338
-352,-194,88,38361
-771,392,247,38381
-146,564,-223,38402
-197,-257,-171,38424
-277,-548,-41,38447
-285,-20,-63,38468
-242,194,-23,38490
-248,76,-7,38510
-246,-18,-42,38529
-285,-25,-83,38549
-269,-44,-64,38571
-249,42,-50,38591
-245,75,-58,38610
-249,22,-66,38631
-256,-32,-64,38650
-246,15,-64,38671
-250,41,-64,38691
-252,3,-53,38711
-255,-16,-50,38729
-247,14,-63,38750
-251,28,-64,38770
-248,12,-59,38790
-257,13,-64,38809
-267,5,-70,38830
-278,-27,-49,38848
-284,9,-69,38883
-294,-3,-64,38898
-311,-8,-35,38917
-322,-2,-45,38932
-319,-6,-58,38946
-340,-15,-56,38967
-440,31,-29,38987
-471,34,-19,39007
-420,120,-73,39027
-438,327,-131,39048
-409,335,-194,39069
-338,165,-209,39092
-321,-44,-135,39113
-259,-239,-28,39135
-223,-308,67,39157
-159,-96,-62,39178
-87,149,-55,39198
-13,311,-72,39219
-30,232,-59,39238
-89,55,-19,39258
-128,-68,22,39276
-129,-47,28,39297
-148,50,1,39316
-197,88,-15,39333
-257,58,-17,39354
-326,-12,-17,39373
-394,-56,-47,39394
-465,-113,-62,39414
-544,-186,-29,39437
-573,-201,-69,39458
-479,-268,-123,39480
-372,-554,7,39503
-297,-579,67,39523
-215,-278,-64,39543
-356,-83,89,39566
-840,552,181,39585
-202,515,-198,39606
-204,-290,-160,39628
-282,-542,-26,39651
-291,-84,-28,39672
-245,153,-19,39694
-259,96,4,39714
-251,65,-51,39732
-262,2,-97,39752
-269,-73,-67,39771
-267,-14,-42,39791
-251,65,-46,39812
-250,17,-48,39832
-257,-50,-44,39852
-249,-15,-52,39872
-248,30,-57,39894
-250,13,-57,39913
-247,-10,-51,39932
-249,-1,-55,39954
-251,6,-58,39973
-251,-5,-56,39992
-253,-1,-57,40011
-242,10,-60,40032
-234,12,-65,40051
-244,24,-78,40071
-257,9,-77,40091
-263,-19,-71,40110
-264,-10,-69,40130
-282,-3,-63,40152
-283,-21,-54,40171
-312,-24,-64,40192
-415,-19,-60,40212
-449,-23,-28,40233
-484,35,-33,40254
-520,113,-12,40273
-506,121,-18,40295
-278,280,-147,40315
-182,342,-170,40337
-219,66,-167,40359
-237,-259,-69,40380
-123,-407,78,40401
-85,-13,2,40423
-33,223,-59,40440
8,305,-79,40460
-59,190,-59,40477
-139,-3,-5,40498
-188,-91,35,40516
-213,-52,29,40536
-244,9,28,40556
-306,24,13,40573
-434,-51,-21,40592
-450,-223,-43,40612
-448,-338,-39,40635
-389,-355,-80,40656
-341,-293,-104,40678
-277,-268,-66,40701
-306,-263,61,40723
-532,45,147,40743
-221,151,-201,40764
-245,84,4,40785
-156,-14,-142,40803
-313,48,14,40825
-224,65,-24,40844
-317,-36,55,40863
-256,-24,14,40884
-240,116,-51,40903
-254,113,-47,40924
-261,58,-13,40944
-254,69,-11,40965
-244,51,1,40984
-254,46,2,41001
-235,58,-11,41020
-291,95,5,41039
-256,47,-15,41057
-299,-3,-5,41076
-207,50,-13,41096
-235,73,-9,41115
-241,-9,-13,41134
-224,29,11,41154
-245,58,-19,41172
-283,66,-8,41192
-206,53,4,41210
-216,43,6,41229
-307,63,-14,41246
-218,22,-23,41266
-288,63,7,41286
-264,10,12,41304
-271,35,6,41322
-253,35,4,41339
-202,65,6,41358
-268,66,-8,41375
-195,-40,-26,41413
-208,-17,-27,41427
-237,29,-11,41443
-283,50,30,41458
-291,96,25,41474
-277,56,8,41493
-249,-35,11,41510
-245,-2,13,41530
-205,2,9,41549
-259,-2,5,41567
-272,8,6,41583
-262,35,16,41600
-252,15,14,41619
-244,14,8,41637
-260,31,5,41655
-252,35,6,41672
-247,9,8,41691
-246,8,18,41707
-247,17,9,41724
-246,26,13,41742
-250,19,15,41761
-245,15,13,41780
-254,16,14,41798
-253,2,10,41818
-267,0,13,41835
-244,24,15,41852
-251,29,14,41871
-254,18,14,41890
-257,19,6,41909
-253,22,6,41926
-256,21,6,41944
-251,13,11,41962
-252,23,10,41980
-252,16,17,41999
-255,33,11,42018
-250,22,4,42037
-257,-1,9,42054
-254,-11,14,42072
-259,16,9,42092
-256,32,6,42109
-253,34,5,42127
-251,5,14,42144
-258,16,7,42163
-266,41,4,42180
-237,31,-3,42198
-307,30,30,42217
-248,19,-3,42235
-270,35,25,42254
-257,31,6,42272
-258,-7,8,42291
-251,18,4,42308
-267,15,8,42326
-266,41,3,42343
-250,35,3,42361
-243,25,3,42379
-244,16,3,42396
-252,15,7,42415
-255,4,7,42432
-254,1,10,42448
-254,11,4,42466
-253,5,5,42484
-255,1,8,42501
-255,-1,6,42517
-255,2,5,42534
-253,8,5,42552
-251,13,8,42568
-256,9,6,42586
-253,15,2,42602
-251,16,5,42620
-252,12,7,42638
-251,17,3,42655
-253,0,7,42673
-251,1,3,42690
-249,5,7,42706
-252,13,3,42723
-255,16,3,42740
-256,8,7,42759
-254,3,4,42775
-253,5,4,42791
-255,7,6,42808
-254,18,2,42825
-255,11,4,42843
-254,-7,3,42860
-250,9,1,42878
-251,16,3,42895
-246,21,3,42912
-252,14,2,42930
-251,12,3,42948
-254,11,2,42966
-251,11,3,42983
-254,21,0,43000
-273,-35,9,43019
-252,8,2,43037
-253,9,2,43054
-251,15,2,43070
0,0,0,70
-264,-20,7,87
-257,-17,-9,102
-223,13,-11,117
-177,-99,-27,156
-238,36,39,172
-272,22,8,186
-229,-3,-1,201
-218,-11,12,217
-279,-53,15,232
-250,-158,49,246
-246,-88,30,262
-244,64,-8,277
-241,108,-14,292
-242,42,-6,307
-251,-31,14,322
-245,-51,23,337
-246,-25,20,353
-247,1,17,368
-240,2,17,382
-250,-9,12,398
-246,-19,4,413
-251,-14,1,428
-254,-5,-3,443
-252,1,-2,458
-242,19,5,474
-242,51,7,488
-240,79,-19,503
-246,46,-18,519
-248,0,-17,534
-254,-19,-13,548
-257,17,-7,566
-243,23,-8,582
-257,-23,4,599
-250,-82,9,616
-260,-81,4,632
-247,-57,-4,650
-253,-34,-22,666
-252,-23,-24,686
-242,-25,-15,704
-256,-15,-25,722
-256,-11,-33,741
-253,-14,-33,760
-249,-29,-32,779
-244,-27,-25,797
-249,-38,-7,817
-255,-26,-17,834
-263,-23,-31,852
-254,-50,-48,871
-248,-65,-39,890
-261,-36,-35,909
-268,-11,-36,927
-272,-18,-30,947
-302,-50,-26,965
-340,-56,-14,984
-327,-21,-3,1002
-356,60,-1,1021
-338,68,-7,1039
-353,27,6,1056
-398,5,9,1073
-421,48,3,1089
-386,113,-61,1105
-328,167,-111,1125
-251,105,-143,1146
-261,-75,-49,1167
-258,-104,23,1186
-194,48,1,1206
-173,164,-27,1223
-165,202,-17,1243
-145,131,-4,1262
-152,51,17,1282
-179,20,44,1299
-193,29,57,1316
-191,31,52,1334
-213,19,47,1352
-241,15,39,1370
-258,20,27,1387
-289,14,17,1404
-335,-3,10,1423
-356,-44,0,1440
-357,-93,-9,1458
-403,-178,-22,1477
-371,-319,-47,1498
-289,-429,-86,1518
-273,-429,-66,1539
-370,-338,41,1560
-626,-233,119,1580
-182,-303,33,1600
-285,213,26,1620
-116,327,-348,1639
-242,-286,41,1659
-370,-444,141,1680
-220,-54,-9,1700
-240,150,-62,1719
-261,36,-63,1738
-272,-120,-28,1758
-275,-82,-40,1778
-268,-7,-56,1798
-256,-38,-43,1817
-258,-64,-37,1837
-258,-46,-34,1856
-251,-35,-32,1876
-249,-34,-29,1896
-248,-35,-31,1915
-251,-23,-36,1935
-230,-17,-31,1955
-239,-24,-33,1975
-252,-23,-37,1994
-259,-21,-35,2015
-260,-5,-50,2034
-252,19,-63,2053
-251,29,-62,2071
-269,2,-62,2091
-298,-33,-59,2108
-315,-36,-50,2127
-330,-26,-30,2148
-363,-6,-6,2167
-429,31,-18,2185
-368,23,-25,2203
-418,-4,-14,2223
-449,58,-80,2241
-462,130,-113,2259
-349,332,-245,2281
-334,279,-221,2301
-336,1,-143,2322
-307,-151,-66,2340
-264,-233,29,2362
-203,-118,-12,2381
-156,72,-31,2402
-84,156,-47,2457
-125,35,8,2471
-149,-42,53,2487
-152,-58,64,2502
-150,-9,38,2518
-162,56,11,2532
-192,86,-7,2547
-225,69,-3,2563
-268,14,12,2578
-314,-9,7,2593
-349,-9,-7,2608
-404,-12,-22,2623
-420,-41,-21,2638
-427,-43,-30,2656
-560,-94,-38,2676
-545,-146,-68,2696
-413,-261,-86,2716
-396,-472,-16,2737
-288,-606,6,2758
-251,-362,-56,2777
-345,-146,10,2797
-709,261,449,2818
-153,657,-428,2837
-191,-1,-125,2857
-136,-435,-102,2878
-319,-221,4,2899
-317,24,-15,2918
-284,74,-15,2936
-225,38,-38,2956
-258,-1,-57,2974
-292,-104,-22,2993
-287,-79,-30,3014
-239,41,-54,3034
-246,73,-64,3052
-255,2,-47,3070
-255,-41,-41,3089
-250,5,-52,3108
-243,42,-63,3126
-247,49,-65,3145
-245,18,-61,3164
-248,10,-60,3182
-261,8,-59,3201
-254,20,-55,3219
-253,25,-69,3237
-256,21,-65,3256
-256,24,-75,3275
-287,25,-66,3294
-272,-19,-65,3312
-304,-23,-58,3332
-308,-7,-27,3352
-344,10,-36,3371
-349,-7,-72,3389
-389,-10,-71,3408
-482,52,-65,3428
-434,56,-25,3446
-416,198,-115,3465
-487,286,-144,3486
-360,239,-271,3507
-421,-20,-118,3527
-318,-122,-2,3549
-259,-82,35,3568
-196,4,-13,3587
-146,79,-17,3604
-85,147,-33,3623
-39,163,-33,3642
-42,98,-19,3660
-67,25,4,3679
-91,0,35,3694
-122,13,38,3709
-128,47,21,3727
-157,57,14,3745
-199,23,20,3763
-251,-4,14,3780
-280,-32,2,3798
-310,-29,-14,3816
-381,9,-27,3835
-457,12,-29,3853
-570,-106,-9,3871
-564,-249,-31,3892
-528,-295,-77,3912
-405,-306,-76,3933
-358,-425,12,3954
-291,-523,6,3974
-260,-370,-58,3992
-362,-142,69,4014
-711,362,329,4033
-127,582,-296,4052
-190,21,-189,4074
-221,-477,-63,4093
-313,-293,-22,4114
-296,60,-21,4134
-291,184,1,4154
-231,123,-63,4171
-248,-7,-72,4191
-291,-105,-42,4210
-272,-29,-37,4231
-239,61,-52,4250
-255,58,-59,4269
-255,1,-52,4288
-250,-19,-44,4305
-247,17,-51,4325
-242,40,-51,4344
-249,27,-53,4363
-254,12,-45,4381
-249,14,-63,4400
-240,32,-73,4419
-238,81,-71,4438
-263,120,-84,4456
-256,49,-68,4476
-253,-24,-42,4495
-302,-29,-36,4514
-304,-17,-50,4534
-320,3,-46,4554
-318,20,-33,4572
-351,13,-20,4590
-354,21,-29,4610
-415,49,-27,4628
-428,53,-18,4646
-384,49,-33,4665
-434,304,-245,4703
-340,321,-262,4718
-355,221,-258,4733
-382,14,-185,4748
-367,-154,-83,4766
-256,-224,7,4787
-206,-104,-39,4806
-158,40,-28,4827
-67,152,-45,4845
-9,192,-56,4864
-22,119,-45,4882
-72,6,12,4900
-95,-12,39,4916
-115,27,35,4933
-127,78,10,4952
-171,90,12,4969
-224,70,11,4986
-263,37,12,5005
-308,8,14,5022
-340,1,2,5039
-359,4,-27,5054
-426,0,-57,5072
-491,-1,-89,5090
-542,-101,-94,5108
-520,-243,-79,5129
-451,-275,-125,5150
-394,-375,-84,5172
-347,-531,59,5192
-258,-475,13,5213
-266,-317,-42,5232
-408,-79,149,5253
-545,882,-282,5273
-193,385,-207,5294
-166,-413,-72,5314
-320,-708,11,5335
-341,-170,39,5355
-302,162,33,5374
-268,231,-72,5393
-232,67,-82,5413
-283,-120,-57,5432
-292,-91,-48,5452
-223,69,-47,5473
-237,111,-53,5491
-259,31,-50,5511
-255,-26,-60,5529
-238,4,-58,5550
-248,39,-58,5567
-254,32,-50,5585
-259,6,-47,5605
-263,11,-55,5622
-260,11,-62,5641
-246,20,-61,5659
-246,44,-56,5679
-250,59,-60,5697
-277,49,-63,5715
-288,4,-73,5734
-328,-19,-71,5752
-333,-11,-55,5772
-347,33,-34,5791
-408,58,-26,5811
-473,52,-52,5829
-452,-48,-66,5848
-435,69,-173,5867
-512,298,-234,5888
-340,363,-285,5908
-378,45,-129,5928
-265,-128,-26,5949
-190,-172,33,5969
-163,-72,-15,5989
-114,66,-30,6009
-41,167,-52,6028
-24,176,-55,6046
-57,64,-21,6065
-95,-27,22,6083
-110,-51,40,6100
-116,-30,32,6119
-128,8,7,6138
-152,30,-4,6154
-197,37,-13,6171
-244,29,-12,6190
-284,3,-6,6209
-303,-22,-6,6225
-338,-32,-8,6244
-384,-35,-14,6262
-424,-32,-14,6283
-499,-52,-5,6302
-547,-70,-12,6321
-447,-118,-78,6341
-375,-242,-87,6362
-354,-427,4,6382
-288,-458,21,6401
-252,-289,-64,6421
-302,-191,-21,6441
-476,51,202,6462
-431,664,-158,6481
-214,324,-177,6502
-251,-233,-77,6522
-229,-487,-50,6544
-264,-42,-60,6564
-298,131,-6,6584
-291,67,23,6603
-213,20,-35,6621
-246,2,-76,6639
-292,-28,-68,6657
-271,-37,-49,6677
-245,45,-57,6696
-252,57,-49,6715
-256,-7,-45,6733
-250,-37,-37,6753
-252,2,-46,6772
-247,34,-65,6790
-248,37,-64,6809
-250,11,-60,6828
-252,1,-47,6846
-258,14,-44,6863
-253,21,-57,6883
-259,32,-65,6901
-255,47,-71,6920
-258,24,-55,6939
-280,4,-54,6958
-293,-13,-61,6975
-299,-9,-56,6994
-311,-4,-35,7014
-323,9,-43,7032
-370,-22,-27,7068
-505,26,-18,7084
-448,18,-12,7099
-370,28,-33,7114
-433,129,-93,7129
-499,254,-190,7146
-361,388,-283,7166
-374,202,-271,7187
-334,-79,-119,7208
-238,-232,1,7229
-181,-205,7,7247
-187,-88,-41,7266
-108,93,-52,7286
-24,227,-72,7305
-6,224,-78,7323
-48,70,-49,7342
-90,-63,-6,7359
-108,-104,20,7376
-117,-16,-4,7396
-128,57,-31,7415
-177,64,-33,7434
-233,27,-22,7452
-280,-25,-21,7472
-320,-60,-28,7491
-351,-66,-44,7511
-472,-66,-50,7530
-515,-154,-29,7550
-558,-258,-9,7571
-510,-236,-62,7590
-379,-248,-55,7612
-361,-391,28,7632
-265,-444,35,7652
-266,-265,22,7672
-324,-86,65,7692
-480,288,92,7710
-288,991,-281,7729
-126,31,-216,7750
-256,-691,60,7770
-301,-432,-5,7789
-297,107,-99,7810
-279,226,-73,7829
-225,98,-75,7848
-259,-17,-75,7868
-276,-71,-63,7887
-262,-10,-54,7907
-234,68,-67,7926
-240,92,-95,7946
-247,44,-95,7964
-247,-18,-73,7983
-255,-4,-53,8003
-252,17,-57,8022
-245,16,-58,8040
-251,5,-62,8058
-239,20,-61,8077
-244,39,-64,8095
-252,41,-77,8114
-259,16,-80,8133
-263,3,-68,8152
-269,1,-67,8169
-282,-8,-64,8186
-294,-16,-61,8206
-308,2,-51,8225
-306,12,-50,8243
-320,20,-68,8261
-321,-6,-72,8281
-362,-26,-55,8299
-497,44,-36,8318
-416,26,-54,8338
-378,165,-125,8356
-439,332,-159,8377
-350,260,-251,8397
-395,58,-173,8419
-346,-159,-68,8438
-238,-223,0,8459
-187,-126,-7,8478
-159,32,-48,8498
-103,170,-14,8516
-38,229,-39,8537
-55,140,-34,8555
-80,10,-9,8573
-97,-62,4,8590
-109,-52,3,8607
-141,2,-17,8625
-168,41,-35,8642
-196,29,-46,8660
-236,-34,-64,8680
-277,-83,-80,8699
-324,-106,-93,8719
-353,-110,-97,8740
-398,-108,-112,8761
-465,-215,-83,8782
-471,-308,-45,8804
-398,-263,-70,8824
-375,-236,-51,8845
-357,-313,46,8866
-317,-297,72,8886
-295,-214,60,8905
-298,-121,67,8925
-297,79,-128,8945
-457,892,-123,8965
-198,214,-214,8985
-220,-592,64,9007
-251,-352,-62,9026
-269,141,-115,9047
-255,206,-52,9068
-257,32,-42,9088
-258,-47,-63,9106
-261,-35,-82,9125
-258,2,-68,9146
-255,27,-63,9163
-251,14,-68,9182
-248,-13,-71,9201
-247,-21,-69,9221
-244,4,-75,9240
-248,24,-81,9257
-247,31,-82,9277
-244,19,-79,9295
-248,11,-77,9314
-239,16,-85,9333
-245,18,-85,9352
-254,9,-78,9370
-272,17,-80,9388
-264,-5,-63,9407
-256,-27,-57,9425
-255,-8,-78,9445
-282,-15,-99,9478
-276,-25,-80,9493
-296,0,-69,9508
-291,3,-61,9524
-305,-6,-63,9539
-314,-18,-63,9558
-325,-3,-45,9577
-438,52,-51,9595
-365,34,-62,9615
-354,17,-106,9633
-441,216,-188,9653
-451,260,-129,9674
-383,119,-170,9695
-394,-23,-103,9715
-261,-167,-51,9737
-150,-163,14,9757
-125,-18,-24,9777
-94,173,14,9797
-38,247,-4,9815
-34,185,-8,9832
-64,44,5,9849
-98,-30,33,9866
-125,-8,33,9883
-157,73,34,9901
-193,101,39,9918
-252,71,44,9937
-299,8,43,9955
-328,-26,28,9971
-379,-44,4,9990
-425,-68,7,10008
-454,-104,10,10027
-546,-188,21,10047
-535,-287,2,10068
-395,-317,-30,10088
-332,-313,5,10109
-294,-328,36,10130
-267,-277,22,10150
-302,-174,10,10171
-329,15,-257,10191
-414,719,-129,10213
-174,0,-204,10234
-196,-469,35,10254
-289,-215,0,10275
-285,51,-44,10295
-243,113,-60,10314
-236,74,-88,10336
-278,14,-99,10355
-266,-57,-69,10375
-253,-2,-54,10396
-250,64,-67,10416
-253,28,-77,10435
-249,-22,-71,10455
-245,-9,-72,10476
-244,9,-75,10496
-245,15,-76,10514
-247,6,-74,10534
-248,4,-75,10553
-243,11,-70,10571
-237,21,-80,10591
-250,14,-89,10611
-260,23,-90,10631
-272,-8,-70,10650
-254,-48,-57,10671
-252,-13,-67,10691
-305,7,-96,10712
-314,-18,-76,10731
-323,-2,-77,10752
-343,19,-77,10771
-363,0,-54,10790
-456,25,-58,10810
-424,-7,-78,10829
-429,79,-140,10849
-472,279,-161,10870
-324,367,-285,10892
-370,168,-223,10913
-269,-126,-67,10936
-217,-222,99,10957
-180,13,-19,10978
-123,182,-13,10998
-61,270,-36,11019
-83,169,0,11038
-118,39,52,11056
-142,-43,81,11075
-165,-14,76,11095
-199,72,65,11114
-223,109,56,11133
-273,74,55,11153
-337,20,63,11171
-396,-12,40,11190
-453,-44,6,11210
-469,-72,-16,11229
-529,-146,-6,11249
-538,-288,-28,11271
-409,-392,-57,11292
-301,-481,-7,11314
-284,-481,-5,11335
-305,-422,26,11356
-665,-95,216,11376
-342,376,-255,11398
-204,6,-74,11419
-68,-165,-133,11438
-321,-131,-24,11459
-329,-63,-17,11482
-223,22,-50,11502
-252,82,-74,11522
-290,-11,-58,11542
-258,-76,-41,11563
-241,26,-53,11583
-255,56,-62,11603
-244,22,-73,11623
-241,12,-76,11642
-248,17,-65,11663
-250,23,-71,11682
-260,4,-63,11702
-257,5,-71,11720
-252,25,-72,11740
-214,64,-82,11759
-286,87,-75,11779
-284,-7,-59,11799
-283,-76,-24,11819
-300,-7,-43,11839
-337,13,-74,11858
-323,-5,-74,11879
-333,1,-54,11898
-366,6,-33,11917
-402,8,-8,11936
-459,184,-137,11973
-370,318,-181,11988
-475,382,-234,12004
-437,303,-331,12019
-441,-37,-157,12041
-294,-251,-12,12063
-208,-151,12,12085
-187,60,-22,12105
-72,222,-43,12125
9,263,-63,12145
-14,175,-38,12163
-78,76,15,12182
-113,45,36,12200
-127,51,26,12219
-140,60,6,12237
-180,56,1,12255
-237,42,4,12273
-298,1,4,12291
-323,-32,-14,12307
-385,-45,-59,12328
-493,-70,-70,12349
-571,-143,-46,12369
-607,-253,-54,12391
-506,-285,-123,12413
-413,-455,-31,12436
-357,-573,67,12457
-266,-347,-37,12479
-348,-186,60,12500
-697,230,532,12521
-92,686,-395,12542
-242,-104,-101,12563
-198,-562,-96,12585
-259,-37,-63,12608
-312,193,-13,12628
-301,54,-3,12649
-205,-64,-30,12668
-296,-34,-52,12689
-294,-55,-59,12709
-238,-25,-49,12731
-246,70,-45,12751
-249,74,-59,12771
-249,13,-66,12790
-250,0,-58,12811
-246,37,-63,12829
-249,35,-54,12849
-258,13,-62,12869
-253,16,-70,12889
-249,43,-62,12908
-268,41,-56,12929
-284,30,-55,12948
-299,-12,-51,12967
-321,-21,-49,12988
-319,6,-29,13009
-331,42,-9,13028
-374,27,-16,13046
-375,-6,-41,13067
-493,36,-15,13086
-525,166,-144,13106
-503,255,-162,13128
-405,467,-334,13150
-437,247,-319,13171
-323,-157,-108,13194
-212,-345,70,13216
-214,-177,-12,13237
-143,65,-57,13259
-31,268,-68,13279
34,248,-68,13298
-34,107,-20,13317
-107,-1,31,13337
-122,-1,42,13356
-121,58,22,13374
-140,95,3,13393
-184,65,-1,13411
-247,13,1,13429
-328,-36,5,13447
-387,-49,-12,13466
-411,-19,-60,13487
-544,-70,-42,13507
-642,-218,10,13529
-574,-307,-20,13549
-449,-335,-102,13571
-357,-569,15,13594
-272,-589,11,13615
-296,-338,-47,13635
-765,203,381,13658
-107,728,-368,13678
-257,-57,-84,13700
-159,-515,-92,13720
-296,-136,9,13743
-291,79,-52,13762
-276,53,18,13782
-236,45,-54,13801
-269,28,-92,13820
-283,-64,-59,13840
-260,-40,-54,13861
-239,48,-59,13882
-249,65,-67,13901
-250,2,-64,13921
-255,-22,-51,13940
-255,8,-63,13961
-244,37,-63,13979
-247,28,-63,14000
-252,27,-65,14019
-242,24,-70,14039
-245,49,-77,14059
-271,37,-83,14078
-302,-4,-67,14098
-279,-18,-55,14117
-309,9,-79,14139
-311,-1,-39,14157
-330,16,-16,14177
-344,32,-49,14197
-361,-20,-61,14217
-456,2,-8,14237
-566,77,-68,14255
-401,168,-155,14275
-510,372,-155,14297
-407,315,-293,14318
-452,44,-159,14341
-293,-100,-11,14361
-219,-115,45,14383
-188,21,-18,14404
-104,168,-39,14424
-23,258,-57,14444
-85,73,-6,14482
-124,25,21,14497
-136,14,32,14511
-146,36,25,14526
-165,62,13,14541
-194,70,8,14557
-269,46,4,14574
-343,-2,1,14593
-419,-19,-27,14610
-501,-67,-48,14630
-517,-121,-39,14651
-606,-180,-45,14673
-571,-252,-146,14695
-412,-516,-101,14717
-350,-700,63,14741
-232,-453,-54,14761
-375,-234,59,14783
-1063,521,165,14804
-190,298,-211,14826
-242,-281,-48,14848
-111,-309,-183,14870
-366,-20,16,14893
-313,27,28,14912
-248,45,-28,14931
-237,54,-75,14951
-282,-57,-47,14970
-286,-84,-35,14992
-238,30,-51,15012
-240,63,-63,15032
-256,19,-57,15051
-253,-23,-48,15072
-258,-1,-55,15092
-252,24,-63,15112
-250,18,-60,15132
-250,2,-47,15152
-243,9,-45,15170
-235,44,-49,15190
-258,56,-67,15209
-305,-8,-58,15228
-287,-48,-35,15248
-294,9,-57,15269
-312,13,-64,15288
-311,0,-39,15307
-346,5,-30,15327
-365,6,-46,15345
-410,11,-27,15364
-565,96,-26,15383
-427,173,-119,15404
-540,379,-183,15425
-380,370,-310,15447
-444,108,-265,15469
-331,-143,-48,15491
-216,-236,83,15512
-212,-77,-7,15534
-128,122,-50,15553
-35,244,-68,15574
1,222,-79,15594
-38,99,-37,15611
-106,-3,14,15630
-128,-29,29,15648
-122,36,4,15669
-153,93,-3,15686
-222,81,1,15705
-288,26,10,15723
-346,-11,-1,15741
-430,-37,-46,15761
-478,-75,-78,15781
-570,-149,-64,15803
-648,-250,-87,15824
-463,-361,-211,15846
-395,-621,-25,15869
-317,-626,46,15891
-233,-366,-69,15911
-447,-144,153,15934
-856,642,47,15955
-223,421,-81,15975
-161,-283,-214,15996
-300,-541,3,16019
-356,-77,-9,16038
-279,139,-36,16059
-251,91,-34,16079
-238,12,-50,16099
-283,-66,-44,16118
-289,-97,-38,16140
-246,12,-55,16160
-245,72,-56,16180
-248,33,-62,16200
-251,-20,-51,16220
-253,-19,-49,16240
-251,22,-62,16262
-248,23,-60,16281
-249,7,-53,16301
-255,11,-61,16320
-246,25,-65,16339
-272,40,-76,16359
-272,-11,-66,16378
-301,-33,-47,16400
-296,7,-60,16420
-312,27,-57,16439
-318,16,-40,16459
-354,13,-50,16479
-369,-10,-54,16498
-440,-8,-8,16520
-612,83,-42,16538
-417,250,-162,16558
-457,386,-251,16579
-465,223,-294,16602
-403,-18,-93,16623
-245,-122,15,16644
-202,-145,15,16665
-208,19,-19,16686
-98,214,-59,16705
-41,290,-59,16726
-23,172,-41,16745
-89,45,8,16764
-114,-10,20,16781
-128,6,8,16801
-139,64,-6,16818
-192,108,-13,16836
-270,59,-5,16858
-338,-19,-21,16876
-416,-89,-59,16897
-474,-92,-81,16917
-559,-95,-80,16939
-641,-249,-109,16959
-368,-635,-10,17012
-322,-536,-4,17029
-237,-415,-62,17044
-284,-310,-46,17059
-449,-143,276,17075
-915,598,181,17090
-147,425,-258,17111
-220,-325,-151,17133
-243,-576,-108,17156
-352,61,-6,17178
-259,178,-31,17198
-226,93,-33,17218
-263,-45,-39,17238
-311,-130,-32,17259
-256,-35,-62,17281
-236,69,-57,17301
-250,71,-58,17321
-246,16,-48,17341
-252,-8,-50,17360
-249,16,-65,17380
-247,32,-66,17400
-258,25,-66,17420
-248,-1,-50,17439
-245,6,-47,17460
-258,36,-57,17478
-300,24,-65,17498
-289,-17,-58,17518
-293,-21,-53,17539
-315,17,-57,17559
-322,12,-38,17579
-355,6,-31,17599
-370,0,-42,17617
-409,-10,-29,17636
-594,71,-28,17657
-425,161,-153,17677
-493,387,-173,17698
-425,292,-321,17721
-452,-4,-171,17742
-283,-176,-15,17763
-195,-181,34,17785
-215,-40,-8,17806
-103,142,-34,17825
0,232,-52,17846
9,201,-52,17864
-40,107,-14,17882
-103,37,20,17901
-119,24,24,17921
-120,48,9,17939
-141,64,-5,17956
-193,49,3,17975
-263,41,2,17993
-346,22,-3,18011
-434,-8,-44,18029
-510,-62,-68,18049
-595,-156,-57,18070
-635,-272,-56,18092
-554,-282,-176,18113
-376,-537,-74,18137
-344,-639,42,18158
-217,-370,-88,18179
-418,-124,121,18201
-645,627,-90,18223
-278,255,-155,18243
-205,-526,-25,18266
-209,-318,-116,18287
-359,111,-1,18310
-256,99,-2,18330
-212,30,-28,18349
-265,-9,-67,18368
-294,-70,-35,18388
-265,-45,-51,18409
-249,38,-43,18429
-251,43,-46,18450
-254,-4,-51,18469
-253,-25,-45,18489
-257,-1,-48,18509
-256,18,-58,18530
-248,20,-63,18549
-254,-3,-53,18569
-257,3,-45,18589
-243,22,-50,18608
-273,32,-61,18627
-308,-15,-47,18647
-279,-20,-35,18668
-303,43,-76,18689
-309,12,-61,18708
-332,-10,-27,18728
-342,0,-46,18749
-360,-4,-52,18767
-431,-6,-6,18788
-581,95,-66,18806
-356,241,-174,18826
-477,371,-198,18847
-433,255,-321,18870
-416,-27,-131,18891
-278,-162,1,18913
-224,-168,33,18933
-194,-60,-19,18954
-113,133,-31,18974
-20,256,-46,18996
10,186,-42,19015
-61,61,4,19034
-111,-2,41,19051
-115,10,39,19069
-122,68,14,19088
-151,98,-6,19106
-217,75,-1,19126
-297,26,2,19144
-372,-33,-11,19162
-440,-72,-62,19183
-477,-97,-76,19204
-580,-129,-50,19224
-606,-241,-64,19246
-523,-306,-147,19268
-379,-582,-6,19291
-325,-675,68,19311
-233,-404,-72,19333
-450,-75,136,19354
-550,811,-275,19375
-281,257,-98,19397
-185,-587,-72,19418
-266,-437,-5,19439
-327,45,-60,19461
-247,95,-25,19496
-248,35,-78,19512
-266,-24,-64,19527
-282,-88,-47,19543
-270,-52,-40,19561
-244,39,-51,19582
-255,45,-58,19602
-250,6,-57,19621
-254,-10,-55,19640
-252,16,-66,19661
-246,26,-64,19681
-240,19,-64,19700
-248,10,-55,19721
-247,1,-52,19740
-256,10,-48,19759
-281,13,-57,19778
-287,-14,-47,19799
-281,-22,-55,19819
-310,13,-67,19840
-299,14,-64,19860
-343,7,-47,19879
-364,-1,-53,19898
-432,5,-26,19918
-532,50,-30,19937
-415,118,-71,19956
-479,375,-117,19977
-396,432,-278,19999
-417,176,-272,20021
-343,-146,-128,20042
-261,-307,45,20066
-217,-172,9,20086
-182,36,-40,20106
-70,226,-55,20126
10,272,-66,20146
-8,140,-40,20164
-80,31,3,20184
-106,-17,30,20200
-109,7,22,20219
-128,74,2,20237
-169,108,-7,20255
-247,76,-5,20275
-328,11,-2,20293
-405,-39,-15,20312
-444,-93,-61,20333
-470,-149,-78,20354
-557,-185,-63,20375
-588,-209,-71,20398
-422,-379,-114,20419
-354,-602,19,20442
-279,-499,-14,20463
-338,-241,-22,20485
-774,175,436,20506
-116,460,-314,20528
-246,-120,-112,20549
-211,-414,-117,20572
-291,-42,-6,20595
-318,68,0,20615
-265,-15,22,20632
-240,40,-56,20653
-270,45,-89,20672
-278,-51,-58,20691
-261,-23,-51,20713
-248,42,-46,20733
-253,28,-55,20753
-254,-13,-56,20772
-249,-1,-56,20794
-244,28,-63,20813
-244,25,-63,20833
-252,5,-63,20853
-258,4,-65,20872
-252,10,-67,20890
-251,16,-62,20910
-258,32,-68,20930
-291,-15,-53,20950
-271,-36,-44,20970
-302,32,-63,20992
-320,26,-66,21011
-345,2,-45,21030
-357,12,-53,21050
-367,-8,-51,21069
-475,44,-10,21089
-535,84,-55,21108
-382,193,-143,21129
-484,355,-162,21150
-403,244,-278,21172
-402,21,-148,21194
-261,-112,-11,21215
-217,-164,29,21236
-178,-76,-21,21258
-99,139,-33,21278
-26,270,-56,21298
9,231,-55,21318
-72,107,-15,21336
-130,12,16,21355
-139,7,17,21373
-157,56,8,21392
-183,86,8,21410
-243,61,5,21427
-327,3,3,21445
-413,-19,-18,21462
-480,-99,-56,21482
-485,-120,-40,21502
-590,-126,-59,21525
-594,-236,-95,21547
-438,-454,-117,21568
-361,-691,19,21592
-265,-507,-39,21612
-295,-298,-76,21634
-411,-140,190,21656
-537,673,-223,21678
-224,377,-161,21699
-197,-318,-186,21722
-300,-532,-24,21744
-304,54,-39,21766
-249,185,-28,21786
-236,90,-50,21807
-259,-31,-54,21826
-291,-111,-36,21848
-270,-39,-49,21869
-239,61,-53,21890
-247,73,-67,21909
-252,6,-63,21929
-242,-26,-49,21948
-254,21,-59,21968
-247,53,-68,21989
-243,7,-55,22043
-241,48,-64,22059
-253,54,-65,22074
-265,31,-70,22089
-295,-14,-59,22105
-298,-48,-41,22120
-277,-21,-50,22135
-295,25,-73,22151
-301,27,-50,22168
-324,7,-36,22189
-341,-14,-62,22207
-364,-13,-53,22227
-508,60,-8,22249
-511,82,-39,22267
-417,270,-116,22287
-504,405,-196,22308
-364,321,-290,22331
-395,21,-166,22352
-275,-168,-47,22373
-223,-212,73,22395
-184,-76,-37,22416
-128,138,-50,22436
-24,280,-84,22458
-5,212,-76,22477
-74,66,-27,22496
-125,-35,18,22515
-133,-20,25,22535
-142,73,3,22554
-180,124,-17,22572
-267,83,-18,22593
-379,11,-38,22612
-461,-55,-72,22632
-509,-136,-89,22653
-581,-210,-65,22675
-633,-256,-104,22696
-449,-426,-155,22720
-393,-632,16,22743
-260,-501,-20,22763
-258,-262,-62,22786
-584,96,477,22807
-328,689,-348,22827
-254,121,-114,22849
-221,-575,-127,22871
-265,-259,-56,22893
-322,163,-1,22916
-286,135,1,22935
-205,2,-31,22953
-254,-7,-75,22972
-310,-66,-60,22992
-265,-76,-42,23013
-242,55,-49,23033
-243,89,-55,23054
-250,36,-64,23073
-246,-16,-57,23093
-247,12,-61,23114
-240,55,-66,23134
-241,45,-65,23153
-274,-12,-52,23173
-241,-4,-56,23194
-242,60,-66,23214
-252,81,-85,23233
-286,38,-75,23254
-262,-38,-67,23273
-308,-23,-63,23293
-316,-2,-50,23315
-334,17,-22,23334
-354,26,-43,23354
-374,0,-47,23373
-441,-9,6,23393
-564,70,-34,23410
-437,171,-80,23430
-505,365,-122,23451
-333,380,-327,23473
-408,131,-236,23494
-302,-156,-75,23517
-236,-262,56,23538
-191,-113,-37,23559
-167,111,-22,23581
-25,249,-73,23602
19,240,-73,23621
-42,109,-21,23640
-102,14,20,23660
-128,0,28,23678
-136,35,20,23696
-164,73,2,23715
-218,79,-1,23733
-310,41,6,23751
-380,3,5,23769
-460,-27,-40,23786
-511,-68,-89,23806
-595,-146,-66,23827
-604,-263,-62,23849
-496,-389,-151,23871
-352,-660,-13,23894
-279,-523,-37,23916
-261,-297,-92,23938
-592,18,489,23959
-414,678,-325,23980
-278,241,-41,24001
-137,-429,-199,24022
-346,-411,-8,24045
-296,59,-27,24066
-248,219,-44,24085
-239,89,-37,24105
-256,-52,-56,24126
-293,-110,-39,24146
-265,-35,-46,24168
-247,59,-51,24189
-251,67,-68,24209
-253,9,-66,24228
-247,-30,-50,24248
-245,4,-51,24268
-247,31,-57,24287
-250,22,-62,24307
-252,8,-63,24327
-252,27,-65,24345
-249,28,-61,24365
-255,2,-58,24385
-284,45,-93,24422
-300,-15,-58,24437
-284,-56,-43,24453
-308,-12,-52,24468
-319,42,-39,24485
-337,26,-51,24505
-366,-21,-54,24525
-485,32,-41,24546
-449,48,-41,24565
-436,134,-86,24586
-540,286,-128,24606
-368,364,-301,24628
-424,184,-232,24650
-314,-60,-49,24672
-244,-182,49,24692
-218,-176,-15,24714
-173,51,-21,24735
-44,247,-53,24755
15,299,-71,24775
-35,161,-49,24794
-115,37,-7,24813
-150,-18,6,24832
-158,4,3,24851
-171,45,-2,24867
-212,60,-3,24886
-269,21,-3,24904
-352,-29,-18,24924
-420,-57,-58,24944
-481,-98,-82,24965
-574,-196,-48,24986
-589,-274,-64,25008
-433,-354,-131,25029
-401,-585,21,25053
-284,-593,21,25073
-273,-316,-53,25094
-482,37,274,25116
-59,612,-453,25144
-281,-17,-85,25160
-247,-618,-42,25178
-237,-293,-44,25199
-280,193,-45,25221
-317,124,3,25242
-215,-63,-9,25261
-252,-17,-70,25280
-296,-1,-76,25300
-259,-33,-52,25321
-248,33,-53,25341
-251,51,-50,25361
-254,12,-61,25381
-250,-8,-59,25401
-254,18,-66,25420
-252,36,-72,25441
-246,6,-65,25460
-258,-16,-53,25479
-251,11,-50,25499
-247,53,-65,25520
-262,38,-73,25539
-293,-23,-55,25559
-272,-17,-54,25580
-294,25,-70,25601
-307,12,-61,25620
-328,10,-33,25640
-339,4,-54,25660
-361,-13,-51,25679
-504,28,2,25699
-524,63,-43,25717
-399,208,-122,25737
-493,427,-180,25758
-425,356,-298,25781
-427,2,-169,25802
-278,-215,-50,25822
-226,-230,69,25844
-193,-78,-38,25865
-124,122,-41,25885
-8,262,-67,25907
19,189,-73,25925
-39,49,-25,25944
-105,-26,19,25962
-110,0,24,25982
-115,73,4,26000
-145,113,-13,26017
-227,80,-6,26039
-312,19,-11,26057
-396,-39,-37,26077
-447,-102,-76,26097
-507,-132,-71,26120
-601,-207,-67,26141
-595,-312,-98,26163
-403,-403,-102,26185
-358,-564,39,26208
-260,-493,4,26228
-279,-252,-46,26249
-399,-116,87,26270
-959,624,334,26291
-220,649,-166,26312
-196,-415,-151,26334
-297,-595,31,26356
-337,-8,-22,26378
-264,170,-17,26397
-229,123,-38,26418
-252,48,-90,26439
-294,-76,-59,26459
-273,-97,-32,26479
-248,34,-46,26500
-251,72,-63,26520
-248,28,-60,26540
-253,-35,-51,26559
-254,5,-63,26580
-245,41,-67,26599
-246,24,-64,26618
-256,-12,-55,26639
-262,-18,-51,26659
-255,11,-53,26680
-256,32,-68,26699
-263,17,-75,26720
-290,-25,-63,26739
-298,-22,-61,26760
-304,18,-49,26781
-319,28,-35,26801
-355,0,-51,26820
-366,-16,-61,26840
-470,38,-18,26860
-485,94,-67,26880
-541,317,-149,26916
-398,353,-230,26932
-380,300,-303,26946
-432,30,-182,26964
-280,-156,-51,26986
-215,-213,75,27008
-183,-73,-20,27028
-102,135,-39,27049
-2,257,-72,27070
-3,217,-66,27088
-65,65,-15,27108
-118,-12,17,27126
-143,0,31,27146
-149,54,19,27163
-167,96,-6,27183
-225,87,-15,27201
-320,28,-14,27220
-411,-21,-30,27241
-474,-87,-69,27261
-551,-128,-70,27282
-604,-191,-62,27304
-548,-238,-129,27326
-395,-474,-60,27348
-355,-642,63,27371
-253,-403,-44,27392
-353,-233,-8,27413
-638,79,423,27433
-182,641,-407,27454
-261,107,-75,27475
-163,-467,-125,27496
-317,-255,-5,27520
-319,102,-19,27540
-257,127,-17,27560
-216,36,-52,27582
-277,-23,-70,27601
-296,-77,-50,27622
-247,-14,-49,27643
-248,74,-61,27664
-248,55,-62,27683
-252,-19,-49,27704
-256,-11,-58,27724
-248,35,-74,27745
-253,33,-63,27764
-246,1,-46,27785
-251,13,-53,27803
-249,40,-69,27823
-258,30,-69,27843
-287,-22,-54,27863
-287,-45,-33,27883
-275,11,-60,27905
-309,29,-60,27924
-321,-12,-41,27943
-342,-6,-53,27964
-349,4,-63,27984
-409,15,-31,28003
-536,64,-13,28022
-409,124,-106,28043
-523,341,-128,28064
-403,345,-303,28086
-438,179,-244,28108
-313,-95,-64,28130
-222,-230,70,28150
-189,-186,-5,28172
-152,35,-23,28192
-43,238,-66,28212
20,276,-70,28231
-36,150,-25,28251
-111,29,20,28270
-127,-7,37,28289
-138,35,30,28308
-158,100,10,28326
-216,112,7,28346
-316,70,1,28364
-403,21,-2,28383
-463,-69,-33,28401
-492,-129,-65,28422
-608,-174,-43,28444
-615,-242,-56,28466
-468,-387,-143,28487
-374,-702,19,28511
-283,-570,-15,28531
-300,-295,-66,28553
-609,36,478,28575
-143,695,-431,28595
-222,76,-136,28616
-239,-624,-44,28638
-313,-231,-42,28659
-290,181,-43,28681
-251,108,-8,28702
-257,-17,-34,28722
-277,-76,-45,28742
-282,-69,-37,28763
-255,-2,-49,28784
-251,49,-58,28804
-253,42,-62,28823
-248,-9,-53,28844
-256,-15,-53,28863
-251,22,-60,28883
-243,24,-58,28904
-248,7,-56,28923
-258,-3,-56,28942
-241,7,-54,28961
-240,53,-63,28981
-284,45,-78,29000
-282,-44,-45,29020
-293,-12,-65,29041
-313,24,-63,29062
-317,5,-33,29081
-354,13,-36,29101
-367,14,-61,29120
-425,-3,-19,29139
-584,48,-13,29159
-418,174,-109,29179
-524,404,-142,29201
-357,358,-315,29222
-425,84,-225,29245
-280,-169,-50,29265
-211,-234,69,29287
-196,-102,-19,29308
-119,137,-52,29330
-17,282,-76,29350
-2,224,-65,29371
-62,81,-20,29389
-115,-7,9,29408
-125,-16,9,29425
-134,43,0,29445
-200,100,-24,29476
-262,64,-29,29492
-327,11,-32,29507
-413,-28,-44,29522
-491,-82,-72,29543
-523,-124,-80,29563
-583,-163,-88,29586
-579,-263,-143,29607
-432,-528,-73,29630
-345,-661,51,29652
-253,-455,-32,29673
-361,-235,23,29694
-802,217,518,29716
-100,553,-305,29736
-197,-139,-172,29758
-237,-469,-106,29782
-316,-35,-29,29804
-295,100,-24,29825
-245,57,-4,29846
-242,38,-69,29864
-285,-57,-56,29884
-290,-114,-47,29905
-249,6,-52,29927
-242,70,-62,29945
-248,34,-61,29966
-250,-18,-55,29985
-250,-4,-59,30006
-238,35,-65,30025
-245,38,-68,30046
-249,19,-60,30065
-251,6,-60,30085
-253,7,-60,30104
-258,27,-62,30123
-289,11,-59,30142
-262,-14,-56,30161
-295,16,-74,30183
-311,8,-64,30202
-341,5,-49,30221
-350,14,-60,30240
-365,7,-57,30260
-484,37,-25,30278
-513,46,-13,30299
-427,179,-121,30318
-536,389,-142,30340
-364,328,-301,30361
-422,85,-188,30384
-293,-124,-61,30404
-207,-216,75,30426
-165,-121,-21,30447
-112,132,-36,30469
-15,279,-69,30489
-6,240,-67,30510
-78,85,-17,30528
-115,-2,16,30546
-132,-13,27,30566
-148,47,13,30585
-189,94,1,30604
-244,77,-11,30621
-319,11,-16,30642
-394,-38,-41,30661
-459,-111,-67,30682
-510,-162,-52,30704
-573,-208,-50,30726
-526,-235,-90,30747
-408,-399,-67,30770
-342,-583,36,30791
-260,-460,-28,30812
-302,-245,-59,30834
-509,25,324,30856
-246,773,-372,30875
-219,242,-190,30898
-259,-588,-67,30919
-308,-358,-22,30941
-278,137,-36,30963
-271,198,9,30984
-243,65,-38,31002
-247,2,-84,31022
-289,-47,-86,31041
-265,-59,-36,31062
-246,48,-36,31082
-251,68,-47,31102
-256,23,-69,31122
-254,-33,-63,31141
-252,2,-61,31163
-247,50,-67,31181
-255,32,-63,31201
-254,-8,-57,31220
-258,10,-67,31241
-251,19,-65,31260
-254,17,-60,31280
-271,3,-52,31300
-265,-22,-49,31319
-285,7,-74,31339
-309,12,-74,31357
-305,1,-36,31378
-323,6,-28,31396
-333,5,-47,31415
-392,-7,-36,31434
-550,40,-34,31454
-492,104,-80,31473
-477,294,-102,31494
-385,415,-295,31516
-381,206,-307,31538
-377,-186,-124,31559
-219,-356,63,31583
-186,-141,9,31603
-173,76,-15,31623
-60,280,-37,31643
14,280,-46,31663
-43,120,-16,31681
-128,-21,39,31702
-133,-51,55,31721
-127,24,27,31740
-134,65,7,31759
-179,57,1,31777
-237,18,-9,31795
-303,-15,-14,31813
-383,-24,-29,31835
-442,-36,-64,31855
-531,-115,-68,31876
-579,-287,-57,31898
-497,-414,-108,31920
-324,-455,-134,31942
-324,-565,-24,31966
-277,-450,-40,31987
-317,-183,-24,32009
-261,587,-346,32045
-177,488,-334,32060
-299,-119,-43,32077
-226,-630,16,32097
-306,-241,6,32117
-290,163,-47,32137
-256,208,-44,32157
-247,17,-48,32179
-261,-117,-38,32198
-282,-48,-37,32220
-245,61,-53,32241
-256,60,-63,32261
-261,-6,-61,32280
-246,-16,-59,32301
-245,20,-63,32321
-248,23,-60,32340
-254,1,-63,32361
-252,-2,-57,32379
-239,-6,-47,32399
-246,32,-59,32418
-233,48,-99,32439
-286,8,-75,32458
-286,-40,-55,32477
-294,-31,-56,32498
-296,0,-67,32519
-300,25,-74,32537
-299,4,-52,32557
-320,-4,-41,32576
-336,-1,-39,32595
-362,9,-16,32615
-458,51,42,32634
-559,206,-20,32653
-386,391,-122,32673
-384,374,-228,32696
-395,73,-219,32717
-350,-214,-74,32738
-262,-320,40,32760
-218,-66,3,32781
-156,123,-86,32799
-96,213,-69,32820
-54,155,-61,32840
-63,46,-39,32860
-83,-76,-4,32878
-108,-99,9,32898
-127,-31,-1,32916
-136,40,-8,32935
-172,53,-3,32954
-243,47,0,32973
-290,23,1,32991
-324,0,3,33008
-408,-50,9,33025
-460,-112,8,33044
-513,-221,-17,33063
-511,-328,-77,33085
-392,-379,-142,33107
-294,-450,-118,33130
-280,-504,-48,33153
-255,-316,-70,33175
-305,-93,13,33197
-490,122,265,33216
-131,446,-511,33238
-368,-48,-17,33259
-141,-570,46,33280
-312,-166,2,33301
-313,181,-8,33320
-241,140,-39,33340
-258,-58,-45,33361
-293,-110,-33,33382
-267,-25,-44,33403
-240,0,-24,33424
-271,-7,-31,33443
-272,-11,-49,33463
-239,-1,-53,33483
-239,19,-42,33504
-248,21,-53,33523
-236,-24,-39,33543
-262,-16,-42,33564
-249,25,-60,33585
-243,54,-54,33604
-242,31,-74,33624
-255,2,-82,33644
-289,5,-69,33662
-284,-1,-84,33681
-291,-20,-52,33701
-310,-18,-50,33722
-307,2,-33,33742
-308,3,-29,33762
-306,-20,-39,33780
-307,-25,-44,33801
-358,27,-20,33821
-432,64,-31,33842
-434,115,0,33861
-385,290,-80,33880
-342,335,-177,33901
-355,96,-143,33923
-336,-261,-103,33943
-327,-321,7,33967
-242,-103,-31,33986
-182,110,-85,34008
-127,110,-58,34029
-89,45,-11,34050
-74,-3,11,34068
-75,-26,20,34085
-86,0,21,34105
-93,39,22,34121
-114,77,26,34139
-144,93,35,34158
-181,83,32,34177
-226,38,30,34195
-267,-3,32,34213
-293,-36,5,34233
-352,-69,-14,34251
-451,-115,-6,34272
-499,-128,-39,34293
-550,-212,-83,34315
-432,-373,-117,34336
-305,-510,-102,34360
-278,-524,-29,34382
-256,-334,-80,34404
-273,-141,-72,34426
-318,51,123,34448
-398,698,-378,34467
-387,457,-63,34489
-94,-566,13,34510
-323,-681,48,34530
-241,386,-102,34568
-236,199,-68,34583
-253,-57,-35,34597
-289,-195,-22,34614
-280,-60,-45,34636
-247,63,-54,34657
-254,15,-40,34676
-251,-36,-31,34697
-252,-13,-47,34717
-247,6,-50,34738
-250,14,-55,34757
-248,22,-55,34777
-248,20,-48,34796
-261,8,-46,34816
-253,5,-55,34835
-244,7,-62,34853
-253,34,-67,34872
-256,49,-77,34892
-275,9,-57,34912
-256,-25,-58,34930
-276,-1,-63,34951
-308,-29,-43,34971
-314,-41,-29,34992
-304,8,-25,35012
-315,14,-38,35032
-358,18,-46,35051
-393,27,-69,35070
-355,26,-13,35091
-419,67,-59,35110
-345,190,-156,35130
-381,222,-140,35151
-332,107,-158,35174
-367,-83,-102,35195
-305,-131,-40,35217
-259,-57,33,35239
-197,38,-15,35259
-136,111,1,35278
-67,135,-1,35298
-47,82,-7,35316
-67,22,5,35334
-107,-11,21,35350
-122,4,26,35371
-133,27,18,35388
-161,47,8,35406
-191,36,9,35425
-242,10,12,35442
-303,-2,3,35461
-364,-18,-11,35478
-391,-61,-36,35500
-434,-135,-36,35520
-489,-265,-6,35542
-445,-271,-38,35563
-383,-235,-66,35585
-307,-348,2,35606
-315,-452,57,35627
-305,-296,61,35647
-422,36,246,35667
-729,524,6,35687
-266,288,-139,35706
-83,-346,-80,35728
-256,-408,-66,35748
-316,54,11,35771
-302,182,1,35789
-238,81,-38,35808
-246,-23,-80,35828
-281,-54,-64,35849
-277,2,-53,35869
-253,45,-59,35889
-242,39,-44,35908
-249,-13,-22,35928
-255,-7,-38,35948
-255,23,-52,35969
-248,11,-48,35988
-253,1,-36,36007
-251,17,-25,36027
-248,33,-41,36046
-252,17,-37,36066
-246,25,-39,36085
-247,47,-48,36106
-258,32,-47,36125
-296,26,-67,36145
-316,-46,-48,36165
-304,-85,-33,36186
-319,-16,-33,36206
-316,35,-18,36228
-342,36,-12,36247
-333,6,2,36267
-378,40,1,36283
-386,111,-32,36301
-319,133,-78,36322
-442,148,-151,36342
-367,316,-246,36365
-342,198,-263,36386
-311,-93,-161,36408
-276,-288,-54,36430
-266,-249,43,36452
-221,-10,-67,36472
-141,196,-81,36494
-66,281,-81,36514
-70,155,-59,36534
-126,24,28,36554
-145,-20,74,36573
-179,36,73,36592
-187,107,41,36611
-208,130,13,36631
-277,83,59,36651
-332,24,68,36669
-384,3,56,36688
-446,11,38,36706
-427,7,-23,36724
-464,-78,-97,36743
-492,-237,-117,36764
-441,-386,-130,36787
-321,-561,-91,36809
-312,-440,-21,36832
-285,-237,-7,36853
-635,8,676,36874
-307,266,-361,36893
-302,-30,-63,36915
-303,-581,-14,36935
-250,-98,-65,36958
-262,225,-50,36978
-271,106,2,36999
-224,-72,-26,37017
-275,-52,-22,37070
-254,10,-38,37086
-248,32,-36,37101
-256,3,-36,37116
-257,-40,-28,37132
-254,-36,-34,37146
-253,-13,-37,37161
-252,5,-48,37180
-252,16,-57,37198
-245,11,-61,37218
-249,-13,-47,37238
-267,-5,-46,37259
-267,2,-49,37278
-258,4,-55,37298
-256,10,-48,37316
-255,11,-59,37336
-319,-5,-63,37356
-314,-40,-42,37376
-305,9,-24,37396
-326,27,-30,37414
-353,-36,-50,37435
-381,-60,-41,37455
-501,55,-21,37476
-495,170,-71,37496
-339,340,-182,37517
-442,284,-258,37538
-434,107,-250,37561
-364,-111,-78,37582
-280,-203,27,37604
-216,-133,-4,37625
-161,58,-36,37646
-73,252,-60,37665
-14,240,-68,37686
-58,112,-25,37705
-108,13,26,37725
-125,-17,44,37743
-133,10,39,37764
-151,50,24,37782
-192,69,19,37800
-242,64,13,37820
-308,36,7,37838
-373,2,-4,37856
-431,-45,-19,37873
-502,-119,-27,37895
-606,-219,1,37916
-563,-276,-49,37936
-410,-378,-114,37958
-363,-629,32,37981
-274,-506,1,38001
-301,-249,-17,38022
-600,48,317,38043
-185,511,-379,38063
-147,113,-300,38085
-240,-479,5,38107
-350,-415,34,38126
-299,9,-12,38147
-247,196,-29,38166
-230,135,-78,38187
-259,-67,-40,38207
-302,-165,-22,38228
-266,-4,-61,38250
-243,60,-57,38269
-255,30,-55,38290
-258,-27,-46,38309
-252,-19,-44,38330
-242,18,-46,38351
-239,21,-40,38371
-248,10,-47,38390
-248,15,-54,38410
-248,21,-57,38430
-254,10,-49,38450
-242,27,-56,38469
-241,55,-81,38490
-281,32,-75,38509
-288,-27,-63,38529
-299,-46,-55,38549
-305,-3,-45,38571
-316,21,-25,38590
-320,20,-24,38609
-333,-28,-37,38630
-401,-28,-22,38650
-494,5,8,38671
-424,48,-26,38688
-366,260,-121,38708
-401,375,-241,38729
-313,301,-254,38752
-350,-58,-135,38773
-285,-226,-39,38795
-237,-242,51,38817
-186,-131,-27,38838
-131,40,-34,38859
-63,157,-64,38879
-14,133,-67,38899
-52,48,-32,38919
-90,-41,6,38937
-101,-80,27,38956
-119,-44,17,38975
-137,19,-15,38994
-180,28,-24,39014
-224,-7,-20,39034
-270,-44,-15,39054
-319,-65,-14,39074
-364,-83,-37,39096
-438,-118,-32,39116
-459,-126,-38,39138
-476,-150,-73,39160
-449,-187,-89,39182
-374,-319,-47,39203
-319,-389,9,39226
-293,-219,0,39245
-257,-133,-5,39265
-458,71,331,39286
-396,411,-138,39306
-248,178,-107,39327
-277,-213,-85,39350
-262,-291,-67,39371
-219,41,-44,39393
-325,113,59,39412
-262,59,-2,39433
-238,-3,-80,39451
-275,3,-99,39471
-267,19,-66,39490
-243,46,-32,39529
-252,14,-29,39544
-258,-12,-31,39560
-253,12,-47,39574
-251,49,-64,39589
-241,63,-64,39609
-247,41,-49,39629
-244,26,-37,39649
-244,27,-39,39668
-255,37,-52,39689
-249,44,-62,39708
-254,64,-68,39728
-265,57,-66,39747
-270,51,-68,39768
-266,12,-43,39787
-279,-11,-31,39806
-406,-2,-41,39828
-485,11,-3,39847
-379,72,27,39866
-237,62,-19,39885
-155,20,-62,39905
-91,-8,-50,39924
-100,67,-43,39943
-146,133,-9,39963
-139,79,-5,39983
-162,3,0,40001
-223,-11,14,40018
-257,3,20,40038
-285,-6,17,40055
-279,-34,-12,40074
-276,-72,-29,40095
-325,-97,-69,40116
-331,-119,-56,40136
-289,-268,-37,40159
-294,-209,186,40180
-257,316,-113,40202
-234,225,-50,40224
-222,-99,2,40245
-270,-136,40,40263
-254,67,-8,40285
-236,67,16,40303
-260,3,29,40322
-256,14,-1,40339
-249,56,-10,40358
-248,73,-19,40378
-244,18,10,40397
-254,-3,23,40417
-255,15,13,40435
-248,26,4,40454
-258,17,12,40471
-252,22,9,40491
-260,34,-2,40508
-253,35,1,40526
-255,23,4,40544
-252,33,5,40562
-301,31,21,40580
-238,27,12,40598
-245,3,6,40617
-200,21,30,40634
-283,27,7,40652
-247,36,7,40670
-289,57,4,40688
-242,15,0,40706
-270,26,5,40723
-288,25,2,40740
-243,-2,18,40759
-222,-25,33,40777
-199,-88,55,40797
-372,-22,22,40817
-207,-16,-7,40837
-186,21,-11,40856
-252,-49,-17,40876
-149,-66,-3,40897
-248,8,-8,40916
-234,-18,0,40934
-290,-40,8,40953
-273,-7,7,40972
-239,83,-16,40989
-299,77,-20,41009
-255,-81,30,41029
-256,-43,16,41049
-249,59,-10,41068
-231,-15,1,41089
-254,-35,5,41107
-272,32,-19,41125
-243,2,-6,41145
-255,-24,3,41163
-256,-22,2,41182
-249,-20,7,41200
-251,-13,5,41220
-263,3,-1,41238
-251,6,-1,41255
-243,-2,0,41273
-265,-12,10,41291
-243,-19,11,41311
-251,-7,12,41330
-252,14,3,41350
-249,-17,3,41367
-250,-40,8,41385
-255,-15,2,41404
-254,1,-6,41423
-253,2,-3,41441
-254,-15,1,41458
-265,-24,18,41477
-248,-16,9,41497
-251,-17,11,41516
-249,-20,8,41535
-255,-23,5,41554
-253,0,0,41573
-247,-15,7,41589
-252,-29,3,41608
-254,-28,11,41627
-246,-5,7,41647
-293,-91,31,41664
-301,3,37,41684
-257,-19,0,41702
-261,-2,7,41720
-252,1,1,41738
-248,-30,5,41755
-242,-15,-1,41774
-244,-6,0,41793
-238,-14,1,41810
-250,-16,-1,41830
-255,-32,1,41849
-255,-43,6,41868
-253,-35,0,41922
-253,-37,1,41936
-252,-30,-1,41952
-249,-19,0,41967
-247,-23,-2,41982
-248,-34,1,41997
-250,-48,3,42012
-246,-29,-2,42028
-250,-11,-1,42043
-241,-15,-2,42059
-247,-20,0,42080
-247,-21,-4,42098
-253,-23,1,42118
-257,-24,0,42136
-254,-29,3,42156
-246,-30,1,42174
-244,-36,2,42192
-244,-40,1,42212
-247,-18,2,42230
-252,-33,1,42249
-242,-34,-7,42267
-247,-14,-3,42288
-264,-57,11,42307
-254,-14,-2,42327
-253,-11,-1,42347
-249,-33,0,42366
